id,first_name,last_name,email,gender,contact_no,country,dob
1,Lydie,Deluca,ldeluca0@dropbox.com,Female,9001118017,China,10/9/2009
2,Carlene,Patters,cpatters1@netscape.com,Agender,7863507538,Peru,7/25/1998
3,Anderson,Sworder,asworder2@tripod.com,Male,7704108716,Indonesia,9/24/1999
4,Malinde,Rilston,mrilston3@bizjournals.com,Female,8241672325,Russia,12/21/2017
5,Orville,Steel,osteel4@mapquest.com,Male,8676970123,Malaysia,3/29/2012
6,Leroi,Coode,lcoode5@blogger.com,Male,7052361231,France,3/26/2011
7,Shelia,Le Marchand,slemarchand6@bing.com,Female,7412767424,Egypt,3/28/2022
8,Teodoro,Ribeiro,tribeiro7@netscape.com,Male,8891838413,Philippines,10/18/2020
9,Easter,Vose,evose8@guardian.co.uk,Female,6035324068,Portugal,2/19/2011
10,Alphonse,Shipley,ashipley9@cisco.com,Male,7825813466,Bulgaria,12/31/2013
11,Asia,Skuse,askusea@bloglines.com,Female,6246247029,Morocco,3/26/2019
12,Bondy,Syres,bsyresb@bbc.co.uk,Male,9477659275,Indonesia,4/4/1993
13,Dorella,Schust,dschustc@springer.com,Female,8795052125,Peru,1/20/1996
14,Bendick,Finey,bfineyd@zdnet.com,Male,9687708598,China,2/24/1998
15,Malchy,Grevatt,mgrevatte@usatoday.com,Male,9060837360,United States,3/27/1998
16,Lilyan,Hounihan,lhounihanf@state.gov,Female,9510489113,Iran,11/14/2004
17,Julina,Ethelstone,jethelstoneg@technorati.com,Female,7773419223,Indonesia,7/20/2011
18,Leigh,Vescovo,lvescovoh@symantec.com,Male,6248495023,Russia,11/13/2008
19,Letizia,Lissemore,llissemorei@bbc.co.uk,Female,8397297150,Thailand,7/11/2003
20,Gwennie,Hurlin,ghurlinj@icq.com,Female,7504940880,France,8/30/2022
21,Pascal,Ceyssen,pceyssenk@foxnews.com,Male,8975985699,Philippines,5/17/1999
22,Andros,Sabater,asabaterl@tiny.cc,Male,9149873986,Japan,7/24/2010
23,Ross,Buesden,rbuesdenm@msn.com,Male,7182592185,Brazil,5/26/2016
24,Claudine,Crickmer,ccrickmern@yale.edu,Female,7245546605,Colombia,5/28/2004
25,Farr,Bridgewater,fbridgewatero@360.cn,Male,6654586013,Brazil,3/29/2000
26,Berri,Corneck,bcorneckp@stanford.edu,Female,8164014560,Indonesia,6/21/2001
27,Reinald,Ubsdell,rubsdellq@google.de,Male,8907979707,China,12/15/2005
28,Faun,Alvey,falveyr@com.com,Genderqueer,7724878751,Sweden,2/2/2010
29,Denise,Gouny,dgounys@sfgate.com,Female,6572895916,China,4/29/2014
30,Chris,Simenot,csimenott@walmart.com,Female,7373305771,China,12/18/1997
31,Chaddie,Mowday,cmowdayu@mediafire.com,Male,7342067299,Guatemala,8/23/1991
32,Shelbi,Aron,saronv@goo.ne.jp,Female,8970440212,Norway,10/25/1993
33,Chadd,Andrioletti,candriolettiw@google.de,Male,9404735581,Mexico,6/26/2002
34,Gaile,Davidy,gdavidyx@yahoo.com,Male,6063399560,Indonesia,2/2/2013
35,Elinor,Begley,ebegleyy@scientificamerican.com,Genderfluid,9317296261,China,10/1/2017
36,Ewart,Flory,efloryz@ameblo.jp,Male,9636177063,China,5/1/2007
37,Trudey,Lorimer,tlorimer10@sciencedirect.com,Female,9542233678,Bangladesh,9/30/1999
38,Muffin,Barthelmes,mbarthelmes11@ustream.tv,Male,9944034048,Myanmar,10/15/1998
39,Orazio,Covert,ocovert12@taobao.com,Male,6211344507,Colombia,2/28/2019
40,Robbie,Wharf,rwharf13@miibeian.gov.cn,Female,7736489142,China,12/31/2000
41,Dania,Desporte,ddesporte14@squidoo.com,Female,8882051750,China,5/20/1999
42,Gabrila,Powley,gpowley15@google.com,Female,6298152262,China,1/5/1991
43,Eydie,Feldberger,efeldberger16@xinhuanet.com,Female,8993675199,China,1/23/2005
44,Blayne,Snoday,bsnoday17@chicagotribune.com,Male,7993141415,Indonesia,10/3/1995
45,Melosa,Rubinfeld,mrubinfeld18@chron.com,Female,7300570972,Brazil,12/15/2010
46,Ulrich,Knyvett,uknyvett19@youtu.be,Male,7345043201,China,5/6/2017
47,Finley,Heigl,fheigl1a@squarespace.com,Male,7440378314,Pakistan,1/30/2005
48,Hildy,Ambrogetti,hambrogetti1b@joomla.org,Female,9862865756,Madagascar,3/8/2006
49,Clemens,Dwight,cdwight1c@yellowbook.com,Male,6852295549,Philippines,12/7/1993
50,Reg,Yeld,ryeld1d@telegraph.co.uk,Male,6511096169,Indonesia,12/21/1995
51,Lyndel,Denyakin,ldenyakin1e@skype.com,Female,6544041535,Philippines,1/5/2009
52,Fancie,Chesshire,fchesshire1f@themeforest.net,Female,8792571200,Philippines,4/10/1995
53,Milton,Hiscoke,mhiscoke1g@diigo.com,Male,7724621324,Vietnam,5/9/1991
54,Erminie,Markos,emarkos1h@hud.gov,Female,6826439078,Poland,1/14/1992
55,Annecorinne,Lemasney,alemasney1i@imgur.com,Female,8673850753,Sweden,10/16/2008
56,Gael,Barnshaw,gbarnshaw1j@gov.uk,Male,8683284547,Russia,10/13/2000
57,Cosmo,Thirlaway,cthirlaway1k@sciencedirect.com,Male,9769736413,China,6/21/2020
58,Laurent,Wicklin,lwicklin1l@home.pl,Male,7513253094,Brazil,2/29/2004
59,Phillipe,Booler,pbooler1m@flavors.me,Male,7373747199,Chile,8/9/2008
60,Simonette,Conachy,sconachy1n@google.es,Female,9262630849,Indonesia,10/19/2001
61,Roy,Baythorp,rbaythorp1o@ox.ac.uk,Male,7135615211,Brazil,6/23/2008
62,Sheela,Livock,slivock1p@ftc.gov,Female,7639902260,Botswana,6/6/2016
63,Glendon,Curness,gcurness1q@friendfeed.com,Male,6165395572,Russia,8/20/2020
64,Isidoro,Brain,ibrain1r@mapy.cz,Male,8730952261,China,3/8/1997
65,Anton,Blackaller,ablackaller1s@usa.gov,Male,7669663374,Spain,7/25/2013
66,Kitty,Lendon,klendon1t@purevolume.com,Female,9655297079,France,8/28/1997
67,Trudy,Rainger,trainger1u@huffingtonpost.com,Female,8398383538,Indonesia,4/12/2012
68,Valentijn,York,vyork1v@stumbleupon.com,Male,8077610635,Iran,6/30/2007
69,Rafaellle,Brasted,rbrasted1w@ow.ly,Male,6239887836,China,5/1/1997
70,Desi,Beddow,dbeddow1x@angelfire.com,Male,7311561254,Indonesia,2/14/1993
71,Cristiano,Faust,cfaust1y@amazon.co.uk,Polygender,6723804480,Mexico,9/12/1998
72,Quentin,Catherine,qcatherine1z@creativecommons.org,Male,9955208083,Japan,5/4/1995
73,Waylon,Magson,wmagson20@ameblo.jp,Male,7576105326,Jamaica,9/15/2010
74,Finn,Eads,feads21@ycombinator.com,Male,9532438093,Croatia,10/7/2002
75,Abraham,Fairbourn,afairbourn22@pagesperso-orange.fr,Male,7153224884,Japan,5/10/2016
76,Olin,Mayall,omayall23@t.co,Male,6663286059,China,4/11/2018
77,Joice,Grooby,jgrooby24@timesonline.co.uk,Female,8161037537,Mexico,8/29/2004
78,Mauricio,Poytheras,mpoytheras25@buzzfeed.com,Male,7756187864,Germany,2/4/1995
79,Mitchel,Orae,morae26@mapquest.com,Male,6711041254,Brazil,8/19/2004
80,Abe,Twinbourne,atwinbourne27@mac.com,Male,8038799617,Poland,3/9/2009
81,Aube,O'Shiels,aoshiels28@bloglines.com,Male,6430004612,Russia,7/2/1998
82,Immanuel,Mutter,imutter29@so-net.ne.jp,Male,7185202463,Czech Republic,7/12/2000
83,Stormi,Lindell,slindell2a@fc2.com,Female,9423157652,Nicaragua,10/22/2001
84,Wyatan,Carabine,wcarabine2b@bbb.org,Male,7225282880,Brazil,2/3/2023
85,Kathy,Kellogg,kkellogg2c@51.la,Female,6768332249,Ukraine,12/26/2017
86,Ira,Deering,ideering2d@yellowbook.com,Male,9348730444,Peru,8/3/2022
87,Carey,Alam,calam2e@nydailynews.com,Male,8710185937,Philippines,9/11/2006
88,Eadmund,Verrell,everrell2f@mlb.com,Male,6493424344,France,12/5/2020
89,Rudolph,Riggey,rriggey2g@cyberchimps.com,Male,6720357662,Macedonia,3/17/1991
90,Catrina,Rackam,crackam2h@vkontakte.ru,Female,8423698015,Thailand,2/14/2018
91,Benedetto,Hurdidge,bhurdidge2i@hatena.ne.jp,Male,6830749321,Finland,3/4/2019
92,Genny,Condit,gcondit2j@pinterest.com,Female,6093044386,Canada,2/20/2001
93,Vittoria,Cutmere,vcutmere2k@reference.com,Polygender,9078805243,Sudan,6/7/1991
94,Olivia,Satch,osatch2l@telegraph.co.uk,Female,6342749324,Philippines,3/18/1998
95,Abbey,Barwick,abarwick2m@tuttocitta.it,Female,7102490175,Indonesia,4/22/1994
96,Heda,Eastbury,heastbury2n@latimes.com,Female,7935714235,Indonesia,8/18/1999
97,Brandyn,Cantrill,bcantrill2o@state.gov,Male,6119582958,Indonesia,12/4/1994
98,Aldwin,Ryam,aryam2p@discovery.com,Male,8595703110,Indonesia,8/2/2008
99,Siffre,Wyss,swyss2q@dmoz.org,Male,8127211061,China,2/14/2011
100,Robenia,Shelford,rshelford2r@php.net,Female,8903789705,Kazakhstan,9/14/1995
101,Flossi,Sparham,fsparham2s@pinterest.com,Female,8020139446,Albania,12/27/2013
102,Briant,Ingles,bingles2t@shop-pro.jp,Male,7483135676,Germany,11/17/2014
103,Shani,O'Hickey,sohickey2u@state.gov,Female,6301027152,Poland,6/19/1997
104,Ange,Brizland,abrizland2v@archive.org,Female,6715140450,China,7/14/2010
105,Paolo,Deans,pdeans2w@wikimedia.org,Male,7408249113,Philippines,8/19/1995
106,Ethel,McAlinion,emcalinion2x@etsy.com,Female,9212494562,China,5/6/2012
107,Helene,Mcettrick,hmcettrick2y@princeton.edu,Genderqueer,9740089192,Iran,7/28/2006
108,Orelee,Selby,oselby2z@oracle.com,Female,6002688674,Indonesia,3/1/2018
109,Kellby,Lethbrig,klethbrig30@aol.com,Male,6697179351,Philippines,5/22/1990
110,Karol,Purcell,kpurcell31@wikia.com,Female,8860715366,Philippines,5/1/1990
111,Jemie,Jann,jjann32@jimdo.com,Bigender,8520721195,Iran,1/25/2021
112,Waite,Hugle,whugle33@discovery.com,Male,6121928216,Portugal,10/29/2006
113,Garry,Blasio,gblasio34@chronoengine.com,Male,7651460010,Czech Republic,9/10/1997
114,Mag,Kinge,mkinge35@mtv.com,Female,7392042848,Albania,11/8/2011
115,Shane,Pingston,spingston36@bravesites.com,Female,7806627294,Czech Republic,4/12/2008
116,Brod,Gravatt,bgravatt37@reference.com,Male,7462637952,China,7/2/2018
117,Jillane,Cheley,jcheley38@utexas.edu,Female,7495849705,Indonesia,5/21/1993
118,Gabriellia,Lemerle,glemerle39@pcworld.com,Female,7870243424,Vietnam,6/16/1990
119,Fair,Garrett,fgarrett3a@umich.edu,Male,8014105256,France,5/30/2018
120,Kiri,Haysman,khaysman3b@virginia.edu,Female,7063512361,Norway,4/4/2015
121,Klemens,Dawidowsky,kdawidowsky3c@ustream.tv,Male,9241623334,Philippines,1/30/1997
122,Ezechiel,Bohling,ebohling3d@jimdo.com,Male,8657472432,Japan,6/14/2021
123,Sherline,Croucher,scroucher3e@blogs.com,Female,6282915263,South Korea,7/8/2013
124,Eleanora,O'Lunny,eolunny3f@paginegialle.it,Female,9648022821,Brazil,8/4/1994
125,Godart,Hyne,ghyne3g@dagondesign.com,Male,6877713122,Indonesia,5/21/2003
126,Evangelia,Flack,eflack3h@usda.gov,Female,7321614158,Poland,9/11/1994
127,Leodora,Lantiff,llantiff3i@state.gov,Female,6781695824,Poland,4/16/2016
128,Margette,Mandel,mmandel3j@google.cn,Female,9237933186,Argentina,12/1/1992
129,Randee,Trunks,rtrunks3k@vinaora.com,Female,7569086892,Ghana,11/19/2013
130,Whitney,Samett,wsamett3l@mapy.cz,Female,9822600716,Philippines,8/4/2020
131,Kristin,Goodhall,kgoodhall3m@edublogs.org,Bigender,9208995927,Mongolia,4/9/1991
132,Worthington,Zealy,wzealy3n@mit.edu,Male,9821352377,Philippines,2/17/2010
133,Zola,Gerdes,zgerdes3o@de.vu,Female,9393604897,Portugal,4/18/2011
134,Abbe,Coyne,acoyne3p@sciencedaily.com,Female,9326373627,Mexico,7/24/2007
135,Car,Deverill,cdeverill3q@cbsnews.com,Male,6616905272,Serbia,3/3/2023
136,Keri,Glanister,kglanister3r@creativecommons.org,Female,8982120640,China,1/13/1997
137,Dulcie,Gooding,dgooding3s@springer.com,Female,9146247262,China,1/15/1998
138,Hunfredo,Beard,hbeard3t@hao123.com,Male,8320399219,China,12/29/1999
139,Fancy,Pridgeon,fpridgeon3u@fc2.com,Female,9842420720,Philippines,6/5/1997
140,Barth,Leishman,bleishman3v@shareasale.com,Male,7846617351,Brazil,2/18/2019
141,Ganny,Critzen,gcritzen3w@hhs.gov,Male,7818982609,Pakistan,9/16/1995
142,Boonie,Mahaffey,bmahaffey3x@wordpress.com,Male,8842962733,Ukraine,11/20/2002
143,Garvin,Manwell,gmanwell3y@pinterest.com,Male,7328587420,Ukraine,12/11/2011
144,Berthe,Biggar,bbiggar3z@mapquest.com,Female,6132939625,Canada,11/29/2002
145,Hester,Cotterel,hcotterel40@bing.com,Female,9767875109,Indonesia,1/7/2017
146,Edan,Pauli,epauli41@sciencedirect.com,Male,7178194811,China,10/27/2007
147,Bent,O' Meara,bomeara42@rambler.ru,Male,6206961817,Norway,11/15/2005
148,Fina,Limbert,flimbert43@timesonline.co.uk,Female,8647715647,Colombia,12/21/1998
149,Armstrong,Hardbattle,ahardbattle44@fastcompany.com,Male,9780600264,Madagascar,12/10/2013
150,Romy,McVicker,rmcvicker45@irs.gov,Genderqueer,6556152819,Serbia,8/5/2007
151,Philly,Decourcy,pdecourcy46@wikia.com,Female,7902775435,China,3/5/2022
152,Trefor,Simson,tsimson47@ucla.edu,Male,9810008491,Norway,8/3/2003
153,Lesly,Pescud,lpescud48@discuz.net,Female,6655702435,China,6/3/1998
154,Berke,Furbank,bfurbank49@globo.com,Male,9469191548,Indonesia,9/25/1997
155,Mohandas,Digance,mdigance4a@dagondesign.com,Male,9633410252,Greece,4/30/2007
156,Hew,Spargo,hspargo4b@umn.edu,Non-binary,6980748812,Mexico,7/21/1994
157,Nevsa,Caudrelier,ncaudrelier4c@mediafire.com,Female,9089666671,Japan,1/22/2003
158,Esta,Blemen,eblemen4d@alexa.com,Female,8889395361,Tunisia,2/23/2009
159,Donella,Hearnes,dhearnes4e@mysql.com,Female,9426895872,Sweden,4/12/2011
160,Crista,Bruckstein,cbruckstein4f@ucoz.ru,Female,9386315870,Honduras,12/6/2004
161,Myron,Noakes,mnoakes4g@vistaprint.com,Male,6564509930,Portugal,2/10/1998
162,Gnni,Fennelly,gfennelly4h@cisco.com,Female,8607942496,Colombia,9/25/1994
163,Tedman,Kharchinski,tkharchinski4i@newyorker.com,Male,9608013683,Brazil,3/22/2023
164,Shannon,MacGillreich,smacgillreich4j@sciencedirect.com,Male,9818144194,Czech Republic,7/25/2022
165,Lizabeth,Keig,lkeig4k@dell.com,Female,6986037968,United States,1/8/2021
166,Launce,Dutton,ldutton4l@gmpg.org,Male,9269065070,Russia,1/4/2018
167,Reilly,Guillem,rguillem4m@ft.com,Male,7006835202,Philippines,8/20/2018
168,Perri,Dorrance,pdorrance4n@hostgator.com,Female,8475029494,Indonesia,1/22/2014
169,Karlik,McArthur,kmcarthur4o@newsvine.com,Male,7478184244,Myanmar,7/7/1992
170,Roselia,Harbert,rharbert4p@google.it,Bigender,7209352531,China,11/13/1997
171,Louisa,Grebner,lgrebner4q@list-manage.com,Female,9920002260,Russia,2/5/1996
172,Ted,Helin,thelin4r@miibeian.gov.cn,Male,6591566809,Morocco,4/15/1993
173,Gabe,Giannoni,ggiannoni4s@dion.ne.jp,Male,8128427681,France,9/23/2022
174,Holt,Ballinger,hballinger4t@e-recht24.de,Male,8211382115,Russia,8/24/2012
175,Hughie,McNeill,hmcneill4u@etsy.com,Male,6118500133,Sweden,5/30/1990
176,Mose,Taylor,mtaylor4v@forbes.com,Male,8648030501,Colombia,9/21/2020
177,Liam,Fossitt,lfossitt4w@cornell.edu,Male,6831797810,Indonesia,2/23/2007
178,Tedi,Hingeley,thingeley4x@miitbeian.gov.cn,Female,8102520516,Sweden,8/7/2017
179,Gwendolyn,Plowright,gplowright4y@nsw.gov.au,Female,9920167152,China,6/4/2000
180,Fairfax,Della,fdella4z@stanford.edu,Male,9287124153,Portugal,12/7/2018
181,Chelsy,Moran,cmoran50@yelp.com,Female,8139623159,Russia,7/28/1996
182,Wilmette,Tathacott,wtathacott51@blogtalkradio.com,Female,6395761243,Albania,10/1/2020
183,Terrence,Tole,ttole52@sphinn.com,Male,6022444386,Morocco,6/8/1994
184,Laverne,Douglas,ldouglas53@house.gov,Female,6390530707,Guatemala,3/26/2019
185,Caz,Dunmore,cdunmore54@nationalgeographic.com,Bigender,8050527735,Haiti,2/25/2021
186,Justine,Burgoyne,jburgoyne55@webs.com,Female,8971649044,China,3/28/1999
187,Nanny,Reeme,nreeme56@answers.com,Polygender,6784509786,Croatia,11/22/2007
188,Herbert,Kleen,hkleen57@google.com,Male,6856390244,Japan,7/15/1993
189,Ferdy,Pattillo,fpattillo58@businesswire.com,Agender,9049944604,Brazil,7/28/2016
190,Salvidor,Bonwick,sbonwick59@smugmug.com,Male,6441880335,Indonesia,4/21/2018
191,Anallese,Packe,apacke5a@bloglovin.com,Female,8548031532,Argentina,6/14/2005
192,Roberta,Stapley,rstapley5b@gnu.org,Female,7240914622,Russia,11/23/2019
193,Micheil,Ewens,mewens5c@cam.ac.uk,Male,7140433374,China,7/10/2013
194,Audy,Carren,acarren5d@fda.gov,Female,9042880257,Norway,10/21/2012
195,Regan,Lamberth,rlamberth5e@yahoo.com,Male,8102793767,China,7/18/2021
196,Taddeusz,Durdy,tdurdy5f@businessweek.com,Male,9586636107,China,5/15/2009
197,Lainey,Crowch,lcrowch5g@ebay.co.uk,Female,9812721433,Brazil,12/28/1997
198,Emanuel,Hackford,ehackford5h@pen.io,Male,7437890205,Portugal,10/27/2007
199,Esmeralda,Viles,eviles5i@auda.org.au,Female,6151889712,Poland,5/2/1996
200,Dulci,Mandrey,dmandrey5j@nydailynews.com,Female,9074101660,Belarus,7/26/1997
201,Tandie,De Bruyn,tdebruyn5k@state.tx.us,Female,8349272007,Sweden,8/28/1993
202,Cordie,Ogborne,cogborne5l@google.pl,Female,6977977878,Russia,2/8/1999
203,Davy,Gowans,dgowans5m@phpbb.com,Male,6485852066,China,3/26/1999
204,Humfrey,Gonnet,hgonnet5n@un.org,Male,9033182430,Venezuela,4/10/2002
205,Dorey,Peetermann,dpeetermann5o@ibm.com,Female,8301784706,Indonesia,2/3/2000
206,Clareta,Oldershaw,coldershaw5p@redcross.org,Genderfluid,9115099475,Venezuela,12/2/2018
207,Crissy,Burnham,cburnham5q@ucla.edu,Female,8954612740,Morocco,11/8/2009
208,Dacey,Charlot,dcharlot5r@blogger.com,Female,7326931070,China,9/12/1992
209,Saraann,Cowland,scowland5s@unicef.org,Female,8588533217,China,6/2/1997
210,Freeland,Jeanet,fjeanet5t@hibu.com,Male,7972541785,Russia,12/26/2015
211,Cullin,Swinden,cswinden5u@geocities.com,Male,6825489035,Philippines,10/18/1993
212,Norean,Girodon,ngirodon5v@apple.com,Non-binary,9795574990,Indonesia,1/7/2002
213,Isis,Hiddsley,ihiddsley5w@geocities.jp,Female,7358896351,France,1/26/2022
214,Berrie,Vousden,bvousden5x@china.com.cn,Female,6838026856,Japan,1/3/1991
215,Ethan,Goaley,egoaley5y@youtu.be,Male,8049624307,Serbia,5/13/2019
216,Enriqueta,Selby,eselby5z@washingtonpost.com,Female,8572558294,France,5/9/1991
217,Jacquie,Beville,jbeville60@who.int,Female,9996675352,Poland,6/8/2005
218,Blythe,Parfitt,bparfitt61@weather.com,Female,8156648331,Philippines,9/29/2019
219,Rustie,Davidovitch,rdavidovitch62@wikipedia.org,Male,8691048772,Iran,9/9/2016
220,Ambur,Dudding,adudding63@sourceforge.net,Female,7426240211,Poland,3/17/1992
221,Harmon,Leonida,hleonida64@netvibes.com,Male,8674986125,Serbia,6/5/2017
222,Aldo,Tiuit,atiuit65@flavors.me,Male,7653353255,Brazil,1/19/2017
223,Chrissie,Kittles,ckittles66@phoca.cz,Male,9478462879,Japan,5/16/2017
224,Grannie,Leates,gleates67@list-manage.com,Male,7525676448,China,5/4/1990
225,Theodor,Wallis,twallis68@mysql.com,Male,8314894220,Poland,8/16/2007
226,Gloria,Omar,gomar69@seesaa.net,Female,9784082896,Belgium,5/29/2022
227,Mitzi,Jacquemy,mjacquemy6a@amazonaws.com,Female,6315489952,Zambia,3/27/1997
228,Hamnet,Hatje,hhatje6b@1688.com,Male,9605333984,China,7/4/2001
229,Gabrila,Le Friec,glefriec6c@dailymail.co.uk,Female,6739236533,Netherlands,9/17/2020
230,Thoma,Genicke,tgenicke6d@free.fr,Male,7484685729,Russia,3/22/1997
231,Kermie,Wherton,kwherton6e@storify.com,Male,9527968514,China,4/16/2002
232,Ethe,Astill,eastill6f@illinois.edu,Male,9454976580,Vietnam,1/25/1998
233,Grant,Hallmark,ghallmark6g@chron.com,Male,7259623608,Democratic Republic of the Congo,12/23/2011
234,Garrick,Syseland,gsyseland6h@usgs.gov,Male,7388754586,Russia,2/15/1997
235,Danyelle,Moxson,dmoxson6i@unicef.org,Genderfluid,8090376588,Nigeria,2/20/2015
236,Edeline,Othen,eothen6j@vistaprint.com,Female,9103789167,Madagascar,11/28/1998
237,Gerek,Foli,gfoli6k@wp.com,Male,9019754485,France,12/26/2015
238,Aldon,De la Feld,adelafeld6l@wordpress.com,Non-binary,7568991353,Malaysia,5/5/1990
239,Jocelyn,Cosson,jcosson6m@cam.ac.uk,Female,7289841833,China,11/4/1999
240,Florinda,Tender,ftender6n@canalblog.com,Female,7331539532,Czech Republic,1/30/2013
241,Kristoforo,Zorzini,kzorzini6o@youtu.be,Male,9777951927,Serbia,3/18/2002
242,Wait,Winear,wwinear6p@dyndns.org,Male,8786960907,Palestinian Territory,12/4/2005
243,Torin,Plunket,tplunket6q@stumbleupon.com,Male,9296893477,Philippines,10/1/2020
244,Augustina,Haysey,ahaysey6r@fotki.com,Female,8943129833,Ukraine,6/16/2004
245,Ira,Yesinov,iyesinov6s@wordpress.org,Female,8776932965,Poland,11/21/2000
246,Parnell,Dominetti,pdominetti6t@discuz.net,Male,9898458575,France,1/20/1991
247,Renae,Horsburgh,rhorsburgh6u@samsung.com,Female,8827419360,Greece,1/10/2012
248,Ruthe,Crowcum,rcrowcum6v@feedburner.com,Female,9850646465,Indonesia,12/26/1990
249,Raffarty,Stearne,rstearne6w@yellowpages.com,Male,8213844760,Uzbekistan,10/25/1993
250,Mayne,Tew,mtew6x@dot.gov,Male,7151945369,Ukraine,4/3/2022
251,Marcella,Utting,mutting6y@ucla.edu,Female,8948696443,Syria,1/26/1991
252,Leonidas,Symes,lsymes6z@ca.gov,Male,8478513423,United States,5/17/2012
253,Virginie,Coggell,vcoggell70@discovery.com,Female,8008834836,Indonesia,3/26/1994
254,Waite,Campa,wcampa71@opera.com,Male,8941298556,Indonesia,12/24/2019
255,Vivian,Fache,vfache72@gizmodo.com,Female,7829321078,China,8/23/1997
256,Hatti,Corradetti,hcorradetti73@noaa.gov,Female,8367331100,France,7/31/2016
257,Alic,Haggus,ahaggus74@techcrunch.com,Male,8973713859,France,10/14/1995
258,Nerta,Merrgan,nmerrgan75@tinyurl.com,Female,7018731620,Poland,8/27/2014
259,Horatius,Mainson,hmainson76@pinterest.com,Male,9394090145,Niger,10/24/2002
260,Johannes,Course,jcourse77@thetimes.co.uk,Male,9770187470,Ukraine,9/1/2006
261,Izaak,Muffin,imuffin78@mlb.com,Male,7131922978,Sweden,7/21/1992
262,Bond,MacGeaney,bmacgeaney79@hc360.com,Polygender,7080090296,United States,11/16/2021
263,Elisha,Arnald,earnald7a@huffingtonpost.com,Female,9852798519,Russia,12/25/1996
264,Jacob,Orring,jorring7b@princeton.edu,Male,6950634112,China,1/29/1999
265,Kattie,Bullivent,kbullivent7c@ask.com,Female,9538983295,China,10/1/2017
266,Danya,Sheen,dsheen7d@rambler.ru,Male,7799424221,Brazil,9/8/1996
267,Hester,Kenryd,hkenryd7e@parallels.com,Female,8011391903,Indonesia,2/21/2014
268,Lamont,Pabst,lpabst7f@dailymotion.com,Male,6405816447,Moldova,3/18/1994
269,Elyse,Stihl,estihl7g@geocities.jp,Female,7384165110,France,12/18/2002
270,Reidar,Treadgear,rtreadgear7h@multiply.com,Male,8954099522,Portugal,2/22/1998
271,Vergil,Northleigh,vnorthleigh7i@technorati.com,Bigender,7613269032,China,3/12/1999
272,Hyacintha,Davitt,hdavitt7j@google.com.au,Female,8265651653,Kenya,11/19/2001
273,Minta,Guiduzzi,mguiduzzi7k@creativecommons.org,Female,7531514355,Malta,10/1/2010
274,Jemmy,Doull,jdoull7l@hc360.com,Female,6713218463,Paraguay,7/5/1990
275,Germain,Spykings,gspykings7m@businessinsider.com,Male,8795306074,China,9/28/2022
276,Tami,Devin,tdevin7n@usatoday.com,Female,6334993056,Paraguay,12/6/2018
277,Judas,Vanni,jvanni7o@mlb.com,Male,8607739303,Czech Republic,1/7/2012
278,Robin,Crawcour,rcrawcour7p@ucla.edu,Female,9903674014,Croatia,7/14/2002
279,Ethelred,Clift,eclift7q@canalblog.com,Male,6108792311,Netherlands,8/31/2012
280,Daphne,Tuminini,dtuminini7r@networkadvertising.org,Female,8825108190,Brazil,1/12/2005
281,Temple,Colomb,tcolomb7s@chronoengine.com,Male,7009589284,United States,9/30/2002
282,Abbe,Jeffray,ajeffray7t@cloudflare.com,Male,6797297915,Brazil,9/13/1993
283,Lutero,Chittock,lchittock7u@china.com.cn,Male,9477409044,Egypt,10/25/2008
284,Stacie,Najera,snajera7v@e-recht24.de,Female,8406014246,Guatemala,6/13/2019
285,Obadiah,Nottle,onottle7w@newsvine.com,Male,9967757219,China,5/5/2000
286,Claiborn,Cotillard,ccotillard7x@wp.com,Male,9872933380,Myanmar,1/14/2007
287,Randi,Lehrle,rlehrle7y@marketwatch.com,Female,8639953863,China,1/30/1995
288,Patin,Dast,pdast7z@cargocollective.com,Male,9800545051,Russia,9/13/1995
289,Marylou,Gleave,mgleave80@mozilla.org,Female,7063258979,China,12/16/2006
290,Gerta,Oxley,goxley81@soundcloud.com,Female,9025669972,Russia,12/25/1992
291,Randie,Guille,rguille82@odnoklassniki.ru,Male,8611886124,Afghanistan,4/24/2019
292,Xerxes,Firby,xfirby83@latimes.com,Male,8729598675,Russia,8/23/2017
293,Dallas,Duckworth,dduckworth84@barnesandnoble.com,Male,6700391086,Cape Verde,1/23/1993
294,Anita,Hedaux,ahedaux85@php.net,Female,7139823134,Colombia,7/23/1996
295,Jasmine,Mangenot,jmangenot86@state.tx.us,Female,9639963691,Peru,10/9/1998
296,Marty,Bazek,mbazek87@tmall.com,Male,7913363338,Russia,7/8/1998
297,Kaile,Paulin,kpaulin88@msn.com,Female,8927358535,Portugal,4/2/1999
298,Barnett,Pattillo,bpattillo89@1688.com,Male,9472027500,Indonesia,10/12/2013
299,Consuela,Dionisi,cdionisi8a@google.fr,Female,6270257167,China,11/30/2017
300,Lucias,Wallentin,lwallentin8b@people.com.cn,Male,9543092678,Canada,2/10/2005
301,Viki,Piola,vpiola8c@ifeng.com,Female,7088739807,Luxembourg,9/13/1990
302,Tomasina,Foggo,tfoggo8d@goodreads.com,Female,7492424333,Sweden,2/25/1998
303,Inge,Brigg,ibrigg8e@is.gd,Female,6479166848,Philippines,11/19/2004
304,Cissy,Torrese,ctorrese8f@360.cn,Polygender,8023683761,Indonesia,2/15/2018
305,Allistir,Endrighi,aendrighi8g@mit.edu,Male,9974074494,United States,5/15/2022
306,Erina,Riddett,eriddett8h@xrea.com,Female,8451265001,Canada,4/22/2007
307,Hedda,McCulley,hmcculley8i@zdnet.com,Female,9040112639,Philippines,10/15/1997
308,Jeno,Matias,jmatias8j@vistaprint.com,Male,8832502901,Thailand,1/24/2016
309,Gil,Bonhill,gbonhill8k@yandex.ru,Polygender,7958070649,Macedonia,2/9/2015
310,Shantee,McNuff,smcnuff8l@engadget.com,Female,9264343497,Indonesia,1/8/2011
311,Beck,Sealey,bsealey8m@ft.com,Male,7891076416,Argentina,3/29/2014
312,Edi,Walding,ewalding8n@aboutads.info,Female,7324550522,Russia,10/31/1998
313,Tripp,Heard,theard8o@hud.gov,Male,6743843012,Jordan,2/22/2012
314,Shay,Kalf,skalf8p@zdnet.com,Female,6622106690,China,10/19/2007
315,Fionnula,La Vigne,flavigne8q@businesswire.com,Non-binary,9041082026,Lithuania,8/21/2003
316,Dara,Heinicke,dheinicke8r@oracle.com,Female,8058320056,China,1/21/1997
317,Janaya,Whiff,jwhiff8s@gravatar.com,Female,7427460324,Palestinian Territory,12/9/2003
318,Hillyer,Cruddas,hcruddas8t@forbes.com,Male,6852012365,Indonesia,7/16/1996
319,Gordan,Thacker,gthacker8u@walmart.com,Bigender,6367964664,Czech Republic,5/11/2003
320,Brandy,Espina,bespina8v@shinystat.com,Male,8875769356,Peru,4/26/2013
321,Sarine,Yankishin,syankishin8w@toplist.cz,Female,7620936703,China,9/8/1990
322,Deirdre,Pinckney,dpinckney8x@addtoany.com,Female,9598414723,Indonesia,10/9/1992
323,Ilka,Savaage,isavaage8y@hp.com,Female,7311745291,China,7/29/1990
324,Adelaida,Zavittieri,azavittieri8z@printfriendly.com,Female,8421737768,Serbia,6/2/1993
325,Raynard,Shire,rshire90@flickr.com,Male,7023608791,France,4/3/1992
326,Pieter,McCreagh,pmccreagh91@cbsnews.com,Male,6784729371,China,11/22/2011
327,Claiborn,Moultrie,cmoultrie92@biblegateway.com,Male,7293492837,Panama,3/3/2016
328,Kyle,Bonnick,kbonnick93@washington.edu,Female,9537708460,Sweden,12/6/2021
329,Germaine,Domenichelli,gdomenichelli94@comcast.net,Male,7287921686,China,4/2/2000
330,Birk,Mussard,bmussard95@wikimedia.org,Male,9362174066,Poland,12/14/1993
331,Prince,Etheridge,petheridge96@squidoo.com,Male,8459290675,China,8/9/2009
332,Dayle,Newcomen,dnewcomen97@earthlink.net,Female,7893143543,Greece,2/5/2012
333,Lodovico,Glencrash,lglencrash98@nature.com,Male,6628487107,Indonesia,11/26/2018
334,Moshe,Pardy,mpardy99@sogou.com,Male,7847373253,Greece,7/10/2016
335,Mandel,Hollingby,mhollingby9a@joomla.org,Male,9421754153,China,10/15/1996
336,Wrennie,Di Maggio,wdimaggio9b@delicious.com,Female,7468900886,Colombia,12/6/2012
337,Kenon,Rait,krait9c@weather.com,Male,6127256084,Philippines,3/26/2011
338,Joycelin,Baines,jbaines9d@wsj.com,Female,6017457670,China,2/19/2022
339,Jamal,Rives,jrives9e@admin.ch,Male,8645123579,Venezuela,8/30/1992
340,Cal,Reast,creast9f@dyndns.org,Female,6930543199,Indonesia,10/1/2001
341,Ashbey,Beeho,abeeho9g@sbwire.com,Male,7227251801,Russia,4/2/2003
342,Winona,Robic,wrobic9h@wiley.com,Female,6454565741,Yemen,2/9/1991
343,Bartholomew,Kemble,bkemble9i@washington.edu,Genderqueer,8271790996,Netherlands,6/15/2010
344,Willdon,Valente,wvalente9j@wsj.com,Male,9922140764,Estonia,10/14/2018
345,Ricky,Rustidge,rrustidge9k@bravesites.com,Non-binary,8453444909,Indonesia,7/2/2016
346,Sandi,Caughey,scaughey9l@sun.com,Female,9010461868,Bosnia and Herzegovina,5/31/2017
347,Brendis,Ragles,bragles9m@list-manage.com,Male,9587296122,Russia,2/26/2020
348,Charita,Kynston,ckynston9n@thetimes.co.uk,Female,8975102126,Denmark,3/4/2002
349,Carlotta,Simkovich,csimkovich9o@harvard.edu,Female,9380874727,Brazil,7/19/2014
350,Binni,Jerzyk,bjerzyk9p@desdev.cn,Female,6380011820,Philippines,1/31/2021
351,Tristam,Passingham,tpassingham9q@arstechnica.com,Male,8120349968,Russia,2/24/2005
352,Glendon,McKaile,gmckaile9r@forbes.com,Non-binary,8486928595,Indonesia,6/26/2002
353,Shelby,Paudin,spaudin9s@instagram.com,Male,9413939971,Russia,5/14/2019
354,Hertha,Grishkov,hgrishkov9t@wsj.com,Female,7564809025,Greece,10/29/2013
355,Zonnya,Revie,zrevie9u@live.com,Female,6008306627,Russia,3/20/2009
356,Opaline,Bravington,obravington9v@123-reg.co.uk,Female,9756653837,France,8/31/2016
357,Gerrilee,Codi,gcodi9w@unicef.org,Female,7356527403,Sweden,2/10/2003
358,Far,Langabeer,flangabeer9x@archive.org,Male,7426841511,Vietnam,4/16/2019
359,Filide,Giacomozzo,fgiacomozzo9y@scientificamerican.com,Female,9426316967,Philippines,7/23/2001
360,Rourke,Skerman,rskerman9z@google.ru,Male,7609019438,Brazil,10/27/2019
361,Marley,Lukesch,mlukescha0@cornell.edu,Female,7853925945,Libya,9/17/2004
362,Cornell,Everard,ceverarda1@nature.com,Male,7257094913,Puerto Rico,2/20/2008
363,Michel,Brader,mbradera2@oaic.gov.au,Female,8110981728,United States,7/8/1997
364,Yul,Mushrow,ymushrowa3@booking.com,Male,6648742297,Indonesia,10/29/2006
365,Margeaux,Critchley,mcritchleya4@cyberchimps.com,Female,7597304906,Nigeria,9/18/1997
366,Francisco,Olechnowicz,folechnowicza5@i2i.jp,Male,9150400333,Mali,4/10/2004
367,Dewey,Barnes,dbarnesa6@yandex.ru,Genderfluid,9066949698,Bhutan,9/21/1996
368,Johnathon,Meagh,jmeagha7@rambler.ru,Male,7191624643,Netherlands,5/9/2020
369,Mei,Norridge,mnorridgea8@merriam-webster.com,Female,9395910417,Colombia,9/11/2000
370,Zacharias,Harnes,zharnesa9@sohu.com,Male,9155157876,Portugal,9/5/1992
371,Tara,Ronan,tronanaa@youtu.be,Female,8268175792,China,2/2/1999
372,Hewet,Ambrosch,hambroschab@edublogs.org,Agender,9075939916,Vietnam,2/21/2023
373,Darleen,Pinnigar,dpinnigarac@yandex.ru,Female,9563013883,Portugal,5/31/2022
374,Dean,Toby,dtobyad@apple.com,Male,7001786773,Sweden,2/1/1991
375,Kenn,Shermar,kshermarae@t.co,Male,6079644775,Philippines,11/17/1991
376,Brian,Giacubbo,bgiacubboaf@e-recht24.de,Male,8833193294,Laos,3/1/2003
377,Vivianne,Lamport,vlamportag@linkedin.com,Genderqueer,7645254766,Indonesia,2/27/2013
378,Ebba,Brickham,ebrickhamah@earthlink.net,Female,7426984853,Norway,10/16/2014
379,Lita,Sinkinson,lsinkinsonai@rakuten.co.jp,Female,6404380254,Russia,4/30/1999
380,Celle,Hebblethwaite,chebblethwaiteaj@upenn.edu,Non-binary,7691774008,Vietnam,4/11/2013
381,Ernaline,Hanniger,ehannigerak@phpbb.com,Female,9944963382,Costa Rica,3/15/1992
382,Richardo,Hedling,rhedlingal@1688.com,Male,6783560709,Mongolia,12/18/2006
383,Astrid,Saintpierre,asaintpierream@mail.ru,Female,6584725047,Albania,9/25/1996
384,Berkeley,Gostridge,bgostridgean@sciencedaily.com,Male,6133864312,Afghanistan,5/17/2017
385,Rhianna,Bricknell,rbricknellao@toplist.cz,Female,8562550678,Sweden,8/20/1993
386,Martina,Sive,msiveap@wordpress.org,Female,7562497987,Peru,10/15/2014
387,Elene,Bert,ebertaq@wikia.com,Female,8795322283,Pakistan,3/27/2001
388,Mellisa,Hinchcliffe,mhinchcliffear@mayoclinic.com,Female,6562795645,Philippines,4/8/2005
389,Hyatt,Tewes,htewesas@huffingtonpost.com,Male,6792024169,Kazakhstan,3/25/1993
390,Eunice,Hallard,ehallardat@bloglovin.com,Female,6002492729,Mauritius,7/26/2007
391,Staffard,Blackley,sblackleyau@foxnews.com,Male,7863661740,Honduras,1/13/2017
392,Alonso,McCumskay,amccumskayav@i2i.jp,Male,8517016962,Poland,8/12/2005
393,Rina,Reimer,rreimeraw@mtv.com,Female,6752528476,Philippines,7/12/2021
394,Netti,Goldster,ngoldsterax@homestead.com,Female,6285238595,Russia,8/26/1996
395,Ricky,Dripps,rdrippsay@google.ca,Male,7297022713,Latvia,8/16/2012
396,Jobina,Fairest,jfairestaz@is.gd,Female,7432186835,Peru,5/29/2020
397,Sabine,Pardew,spardewb0@dot.gov,Female,6749905788,China,6/24/2012
398,Amandi,Benini,abeninib1@blogspot.com,Female,6668800694,China,8/25/1996
399,Hewet,Dubbin,hdubbinb2@elpais.com,Male,9473244572,Indonesia,1/14/2023
400,Elaine,Lalonde,elalondeb3@nbcnews.com,Female,6424390528,Indonesia,8/6/2007
401,Mychal,Aitken,maitkenb4@nba.com,Non-binary,9744282205,Sweden,11/30/2004
402,Shaylyn,Cay,scayb5@earthlink.net,Female,9807691198,China,1/10/1994
403,Tisha,Pordal,tpordalb6@creativecommons.org,Female,8119959502,China,11/28/2020
404,Rossy,Krolle,rkrolleb7@mashable.com,Male,9021274083,Madagascar,3/4/2007
405,Bertha,Felstead,bfelsteadb8@nydailynews.com,Female,6552338471,Brazil,4/4/2005
406,Ardella,Tigwell,atigwellb9@utexas.edu,Female,6584122176,Sweden,3/31/2005
407,Denver,Ambrosch,dambroschba@washingtonpost.com,Male,8867145781,Brazil,7/15/1993
408,Nelie,Rosebotham,nrosebothambb@cbsnews.com,Female,6116441666,Colombia,8/19/2012
409,Mack,Steadman,msteadmanbc@digg.com,Male,8624275573,China,12/13/2022
410,Milton,Giordano,mgiordanobd@bizjournals.com,Male,8743545226,Russia,12/26/2021
411,Randene,Woolforde,rwoolfordebe@princeton.edu,Female,8690051397,Finland,2/8/2004
412,Amity,Chaffen,achaffenbf@census.gov,Female,9996816720,Philippines,10/4/2018
413,Vivian,Charlin,vcharlinbg@bloomberg.com,Female,8909473380,Japan,7/27/1991
414,Daryl,Proudlock,dproudlockbh@so-net.ne.jp,Male,7893521925,Indonesia,12/27/2021
415,Dario,Medlicott,dmedlicottbi@biblegateway.com,Male,9215890954,Indonesia,5/15/2006
416,Shanna,Wadelin,swadelinbj@yolasite.com,Female,9037835365,Panama,6/13/2001
417,Chrissie,Beddin,cbeddinbk@hubpages.com,Non-binary,8865006551,Russia,5/21/2000
418,Buck,Schiell,bschiellbl@opera.com,Male,7350108691,Czech Republic,3/6/2012
419,Gil,Skain,gskainbm@intel.com,Male,8264873014,China,9/12/1994
420,Nicolis,Devinn,ndevinnbn@ibm.com,Male,8631469092,Israel,10/11/1990
421,Beale,Royl,broylbo@umich.edu,Male,9121432911,Albania,3/11/2007
422,Claybourne,Branson,cbransonbp@mac.com,Male,6780930013,Netherlands,3/17/2013
423,Micheline,Menaul,mmenaulbq@dell.com,Female,7056435422,Indonesia,4/5/1993
424,Reeva,Leahair,rleahairbr@narod.ru,Female,9934647319,Philippines,11/3/1996
425,Truman,Beasley,tbeasleybs@zimbio.com,Male,7281811257,Indonesia,1/31/2022
426,Tove,Bampforth,tbampforthbt@ed.gov,Female,9224197812,Belarus,2/20/1991
427,Gil,Pople,gpoplebu@goodreads.com,Genderfluid,6963936612,Guyana,4/16/2004
428,Kit,Spurgin,kspurginbv@wordpress.org,Male,9577543662,Syria,9/25/1992
429,Oona,Duggon,oduggonbw@newsvine.com,Female,8390698484,China,7/27/2015
430,Rance,Klesse,rklessebx@hp.com,Male,8825444090,Indonesia,5/29/2014
431,Ephrem,Baroche,ebarocheby@indiatimes.com,Male,7361386693,Ethiopia,12/22/1997
432,Gina,Ruddy,gruddybz@spotify.com,Female,9188549572,Canada,1/2/2005
433,Stafford,Krollmann,skrollmannc0@yahoo.co.jp,Male,7359170289,Burkina Faso,1/17/2017
434,Imojean,Ragles,iraglesc1@independent.co.uk,Female,8702108112,Russia,8/2/2020
435,Patrizia,Honisch,phonischc2@github.io,Female,8044159669,Ireland,4/24/2003
436,Gerome,Giff,ggiffc3@walmart.com,Male,9422501135,China,1/16/1998
437,Daren,Allabush,dallabushc4@umn.edu,Male,6591794388,China,8/9/2011
438,Jeremy,Marjanski,jmarjanskic5@themeforest.net,Male,6192490289,Czech Republic,1/13/2007
439,Lorraine,Braxton,lbraxtonc6@miibeian.gov.cn,Female,9421567612,Kosovo,3/1/1994
440,Peta,Pettit,ppettitc7@canalblog.com,Female,6519638819,China,8/1/2016
441,Colman,Farran,cfarranc8@marketwatch.com,Male,8497297235,Nicaragua,10/17/2020
442,Lev,Hairs,lhairsc9@smh.com.au,Male,6539621981,Portugal,12/16/2000
443,Gunilla,Gibberd,ggibberdca@bloglovin.com,Female,8156065950,Russia,9/22/1991
444,Jessi,Riddlesden,jriddlesdencb@amazon.co.jp,Female,8739875259,Indonesia,11/13/2018
445,Dud,Banck,dbanckcc@ca.gov,Male,7533578984,Indonesia,5/20/2003
446,Micah,Mc Harg,mmchargcd@ted.com,Male,8992734866,Libya,8/11/2002
447,Lewiss,Didsbury,ldidsburyce@dell.com,Male,9596096773,Russia,5/14/2009
448,Cello,Koop,ckoopcf@wikia.com,Male,8876502606,Nicaragua,8/12/1994
449,Brion,Kittle,bkittlecg@icq.com,Male,8579300402,Russia,10/18/1994
450,Kirsten,Halsted,khalstedch@cpanel.net,Female,7632038682,Philippines,3/3/2017
451,Annamaria,Alabone,aalaboneci@artisteer.com,Polygender,9840558678,Japan,6/8/2013
452,Patricia,Obin,pobincj@paypal.com,Female,8263055737,Indonesia,4/16/2002
453,Britt,Tipping,btippingck@cloudflare.com,Female,6287885038,China,2/28/2008
454,Frieda,Emer,femercl@plala.or.jp,Female,9759962555,Belize,10/29/1993
455,Lionello,Kenna,lkennacm@livejournal.com,Male,9925767385,Serbia,12/1/2001
456,Gene,Joy,gjoycn@tinyurl.com,Female,9470564238,Greece,2/17/2008
457,Ilyse,Thorndale,ithorndaleco@huffingtonpost.com,Female,7519983031,Poland,7/28/1993
458,Brendin,Slessar,bslessarcp@163.com,Male,7607370267,Denmark,5/16/1999
459,Samuele,Govan,sgovancq@ameblo.jp,Agender,6326709120,China,3/12/1995
460,Britt,Bockett,bbockettcr@g.co,Male,7876398671,Nigeria,4/21/2007
461,Montague,Delcastel,mdelcastelcs@apache.org,Male,6761302168,Japan,4/14/2007
462,Llewellyn,Cato,lcatoct@businessinsider.com,Male,7846082671,Japan,9/17/2020
463,Winnie,Pettko,wpettkocu@theguardian.com,Male,7310384818,Indonesia,2/14/2003
464,Kin,Webborn,kwebborncv@nature.com,Male,7687811617,Chile,1/23/2010
465,Seka,Blaszczak,sblaszczakcw@paginegialle.it,Female,9770297893,Japan,12/21/2018
466,Kettie,Elderbrant,kelderbrantcx@princeton.edu,Female,7941947905,Indonesia,8/24/2021
467,Daffie,Rainger,draingercy@noaa.gov,Female,9752954111,Peru,6/15/1995
468,Neysa,Affleck,naffleckcz@ted.com,Female,6120430477,Indonesia,11/10/1993
469,Marybelle,Dupre,mdupred0@mail.ru,Female,7909287311,Greece,11/22/2015
470,Brod,Guswell,bguswelld1@homestead.com,Male,8236586264,China,6/14/1993
471,Rocky,Cranston,rcranstond2@spotify.com,Male,6436930272,China,3/24/2003
472,Vanna,Padbery,vpadberyd3@pbs.org,Female,6284241234,Iran,3/10/2006
473,Kariotta,Holbury,kholburyd4@artisteer.com,Female,9407006076,China,11/3/2011
474,Mikel,Sturr,msturrd5@sbwire.com,Male,7347346380,Palestinian Territory,4/21/2017
475,King,Stabler,kstablerd6@deliciousdays.com,Male,7878721697,Brazil,6/30/1992
476,Bernardina,Corby,bcorbyd7@bloglines.com,Female,6132868805,China,5/6/1990
477,Hestia,Corkel,hcorkeld8@msn.com,Female,9944637016,Netherlands,9/23/2002
478,Xenos,Burkert,xburkertd9@so-net.ne.jp,Male,8594392162,Philippines,10/13/2015
479,Templeton,McKinty,tmckintyda@de.vu,Male,6861156872,China,2/25/1995
480,Gael,Harrie,gharriedb@wunderground.com,Female,7001019650,Bosnia and Herzegovina,1/8/2008
481,Devinne,Glabach,dglabachdc@columbia.edu,Female,7456426711,China,10/10/2004
482,Izak,Imason,iimasondd@sourceforge.net,Male,6549119629,United States,9/15/1995
483,Jarad,Kidwell,jkidwellde@shutterfly.com,Male,9705220238,China,4/22/2009
484,Arley,Clohissy,aclohissydf@mtv.com,Male,8187269473,Poland,6/10/1990
485,Wittie,Tunnicliff,wtunnicliffdg@amazon.de,Male,9776118006,China,5/5/2015
486,Kingsley,Carmody,kcarmodydh@tamu.edu,Male,7348323268,Japan,10/11/2000
487,Birch,Giff,bgiffdi@mail.ru,Male,9707394910,Netherlands,4/19/1993
488,Ingelbert,Mumberson,imumbersondj@theatlantic.com,Male,6330254096,China,6/16/1997
489,Jen,Dagleas,jdagleasdk@ox.ac.uk,Female,8710495021,Indonesia,10/9/1993
490,Shoshanna,Colston,scolstondl@wp.com,Female,7925013474,Philippines,9/10/2014
491,Huntington,Cunnane,hcunnanedm@aboutads.info,Male,9292283004,Indonesia,9/17/2020
492,Jule,Port,jportdn@noaa.gov,Male,6824913853,Vietnam,5/19/1992
493,Marion,O'Corhane,mocorhanedo@plala.or.jp,Polygender,6137439990,China,10/31/1990
494,Marigold,Gillibrand,mgillibranddp@barnesandnoble.com,Female,9982908532,China,6/20/1998
495,Armando,Rosenfield,arosenfielddq@eepurl.com,Male,7521292308,Brazil,3/17/1998
496,Frederique,Samper,fsamperdr@irs.gov,Female,7174470384,Russia,11/29/2012
497,Beret,Tomasoni,btomasonids@nasa.gov,Polygender,8317238050,Ecuador,10/24/2016
498,Coral,Jakab,cjakabdt@google.com.au,Female,7315974967,Indonesia,11/22/2007
499,Cecilia,Stoffer,cstofferdu@jugem.jp,Female,6491117423,Sweden,12/24/1991
500,Martelle,Mirams,mmiramsdv@youtu.be,Female,8055824640,Barbados,2/22/1992
501,Frederic,Bernardinelli,fbernardinellidw@vkontakte.ru,Male,7340230458,Colombia,2/17/2018
502,Abraham,Mugglestone,amugglestonedx@usnews.com,Male,9361028484,Indonesia,2/16/2012
503,Marci,Campbell,mcampbelldy@fda.gov,Female,7549066260,Syria,7/26/2001
504,Averill,McCreedy,amccreedydz@ow.ly,Male,6881943819,Portugal,10/14/2021
505,Emmott,Glenton,eglentone0@123-reg.co.uk,Male,9188178299,China,1/22/1991
506,Stacia,Genese,sgenesee1@infoseek.co.jp,Female,7138179567,China,12/22/2010
507,Ode,Endecott,oendecotte2@php.net,Male,6809410759,Indonesia,3/18/2003
508,Ivory,Cresser,icressere3@twitter.com,Female,6809704923,China,2/15/1992
509,Warde,Hastin,whastine4@cmu.edu,Male,7496567810,Japan,5/22/1995
510,Tedi,MacAlester,tmacalestere5@usa.gov,Agender,6989004985,China,3/26/2015
511,Nigel,Weems,nweemse6@deliciousdays.com,Male,8497062101,China,5/15/2009
512,Davidde,De Rechter,dderechtere7@foxnews.com,Male,6796881392,Indonesia,4/29/2015
513,Katharina,Siggery,ksiggerye8@china.com.cn,Female,8653085380,Russia,7/21/1990
514,Virgilio,Milham,vmilhame9@sbwire.com,Male,9770068932,China,2/8/1998
515,Adrien,Annon,aannonea@mit.edu,Male,8027372840,Indonesia,10/8/2016
516,Esta,Starsmeare,estarsmeareeb@furl.net,Female,9625058477,Czech Republic,5/31/2015
517,Bronny,Shannahan,bshannahanec@slashdot.org,Male,6409119154,Lithuania,1/19/2007
518,Bryn,Aloigi,baloigied@uiuc.edu,Male,6071142495,Indonesia,6/14/2012
519,Paddy,Melville,pmelvilleee@last.fm,Genderqueer,7952147937,United States,2/23/2005
520,Alanna,Scarsbrooke,ascarsbrookeef@google.com.br,Female,6761956855,Portugal,6/16/2004
521,Ertha,Verity,everityeg@themeforest.net,Female,9664168149,France,4/5/2018
522,Fanny,Springthorp,fspringthorpeh@tumblr.com,Female,8942018081,Philippines,6/23/1996
523,Ingrid,McKew,imckewei@google.com.br,Female,7207143650,Cuba,10/3/2003
524,Brandyn,Petri,bpetriej@cbc.ca,Male,9397447523,Brazil,7/27/2010
525,Prudy,Gant,pgantek@hud.gov,Female,7924864816,Brazil,4/4/2006
526,Randie,O'Noland,ronolandel@mlb.com,Genderfluid,6891500762,Estonia,6/2/2008
527,Emmit,Firbanks,efirbanksem@google.com,Male,6972033475,Colombia,11/22/1993
528,Ortensia,Hubbins,ohubbinsen@aboutads.info,Female,8259229050,France,6/14/2018
529,Andra,Morhall,amorhalleo@blogtalkradio.com,Polygender,7563385211,Chile,8/1/2006
530,Kakalina,Lemonnier,klemonnierep@eepurl.com,Female,7990394299,Indonesia,8/20/2003
531,Darrell,Lahive,dlahiveeq@wisc.edu,Male,7189829993,Germany,5/18/2008
532,Marilyn,Aplin,mapliner@ezinearticles.com,Female,8698785520,China,2/19/2009
533,Des,Lethby,dlethbyes@washington.edu,Male,7900643607,China,11/27/1996
534,Ganny,Murby,gmurbyet@tamu.edu,Male,8503277595,China,8/5/2011
535,Sal,MacCoughen,smaccougheneu@slate.com,Male,7406477536,Indonesia,8/14/2002
536,Dodie,McGerraghty,dmcgerraghtyev@stumbleupon.com,Female,8440841203,Ecuador,9/18/2014
537,Costanza,Aland,calandew@infoseek.co.jp,Female,9024326866,Thailand,5/14/2007
538,Abby,Drewet,adrewetex@storify.com,Male,7700333956,Indonesia,3/11/2013
539,Gabriellia,McCleverty,gmcclevertyey@theglobeandmail.com,Non-binary,7349198002,Indonesia,6/12/2001
540,Thornie,Breazeall,tbreazeallez@slate.com,Male,8281778918,Iran,4/9/2018
541,Jillian,Gilpillan,jgilpillanf0@shareasale.com,Female,9387399543,Indonesia,5/26/2014
542,Kenton,Goghin,kgoghinf1@discovery.com,Male,7038059197,Finland,8/30/2020
543,Garland,Lage,glagef2@purevolume.com,Female,8301632770,United States,1/29/2015
544,Englebert,Cahani,ecahanif3@instagram.com,Male,7251036456,Japan,5/29/2004
545,Jessey,Danielsen,jdanielsenf4@drupal.org,Male,8717297802,China,10/20/1992
546,Johannes,Skace,jskacef5@miibeian.gov.cn,Male,6800396353,China,7/7/2011
547,Stanleigh,Mechic,smechicf6@guardian.co.uk,Male,9718226234,China,8/23/2009
548,Nonnah,Pavlov,npavlovf7@skype.com,Genderfluid,6735364090,Taiwan,12/16/2018
549,Denise,Haney,dhaneyf8@msu.edu,Female,8481905648,Brazil,2/15/2013
550,Bert,Geare,bgearef9@nba.com,Female,9139038744,Morocco,2/21/2012
551,Vail,Beloe,vbeloefa@g.co,Male,6406871669,Argentina,3/12/2017
552,Arlinda,Tunkin,atunkinfb@google.es,Female,6509005102,Argentina,5/8/1999
553,Eduard,Tregunnah,etregunnahfc@nih.gov,Male,6174551211,Burkina Faso,12/4/1995
554,Hartley,Detloff,hdetlofffd@cnbc.com,Male,9734995361,Indonesia,8/5/2008
555,Bruce,Smallridge,bsmallridgefe@yale.edu,Male,9947601361,Ireland,11/9/2014
556,Thomasin,Brazenor,tbrazenorff@xrea.com,Female,6095505849,China,1/20/1995
557,Xerxes,Isaac,xisaacfg@chronoengine.com,Male,8785797971,Turkmenistan,8/11/2013
558,Collin,Chalcraft,cchalcraftfh@weibo.com,Male,8671034496,Poland,3/29/1996
559,Owen,Trood,otroodfi@disqus.com,Genderqueer,6063191188,Sweden,2/28/2006
560,Trisha,Welberry,twelberryfj@123-reg.co.uk,Female,7476701071,China,7/19/1999
561,Agneta,Osbaldstone,aosbaldstonefk@netscape.com,Polygender,8198855798,Brazil,3/20/2022
562,Adena,Shipton,ashiptonfl@jiathis.com,Female,7359080905,South Africa,1/11/2009
563,Butch,Blaxlande,bblaxlandefm@boston.com,Male,8861423278,Brazil,12/9/2018
564,Andris,Osment,aosmentfn@unesco.org,Male,9772026007,China,9/23/2019
565,Gregoire,Driscoll,gdriscollfo@plala.or.jp,Male,9266217961,Indonesia,12/15/2000
566,Betta,Michelet,bmicheletfp@google.com,Female,9283842981,Indonesia,1/15/1997
567,Lilia,Swains,lswainsfq@arstechnica.com,Female,7138381665,Palestinian Territory,3/31/2007
568,Claudette,Schaffler,cschafflerfr@about.com,Female,6882210684,China,3/15/2003
569,Phebe,Manis,pmanisfs@barnesandnoble.com,Female,9465189641,United States,8/27/2002
570,Jae,Scoon,jscoonft@comcast.net,Male,6498532941,Argentina,6/7/1998
571,Mandie,Noirel,mnoirelfu@taobao.com,Female,6101326968,Russia,1/20/2023
572,Catherin,Prichard,cprichardfv@fc2.com,Female,8873695624,Nigeria,8/23/1990
573,Netty,Lineker,nlinekerfw@example.com,Female,8850017978,China,11/7/2008
574,Miran,Tewes,mtewesfx@hc360.com,Female,7963620466,Indonesia,1/10/2011
575,Dewain,Lewis,dlewisfy@apple.com,Male,9789355120,Russia,3/23/2006
576,Wilone,Hayto,whaytofz@telegraph.co.uk,Female,6593756784,Germany,7/16/2010
577,Zedekiah,McAlarney,zmcalarneyg0@usgs.gov,Male,8005682105,Russia,12/21/2007
578,Penelopa,Bosomworth,pbosomworthg1@statcounter.com,Female,8653299470,Sweden,7/4/2022
579,Caritta,Cecchetelli,ccecchetellig2@walmart.com,Agender,6988448354,China,5/31/1992
580,Ashla,Wooding,awoodingg3@prnewswire.com,Female,9456045241,Sri Lanka,3/28/1995
581,Patrizia,Dennant,pdennantg4@dion.ne.jp,Female,9796277219,Spain,3/26/2021
582,Frans,Coules,fcoulesg5@diigo.com,Male,7158750863,Germany,8/18/1997
583,Klemens,Gottschalk,kgottschalkg6@admin.ch,Male,8522284183,Palestinian Territory,10/31/1993
584,Shawnee,Figger,sfiggerg7@typepad.com,Female,9956094497,Russia,2/8/2022
585,Case,Riseam,criseamg8@goo.gl,Male,7833989054,China,12/2/2015
586,Agnella,Ovendon,aovendong9@pagesperso-orange.fr,Female,9023162949,Nigeria,3/15/2008
587,Joete,Wyke,jwykega@blogger.com,Female,7005365716,Sweden,12/26/2019
588,Blanch,Leftridge,bleftridgegb@virginia.edu,Female,9645377159,Nigeria,4/10/2018
589,Geneva,Besnard,gbesnardgc@123-reg.co.uk,Female,8341705593,Tajikistan,1/15/2007
590,Zaccaria,McParland,zmcparlandgd@howstuffworks.com,Male,6395458670,China,3/8/1995
591,Eileen,Bosse,ebossege@goo.ne.jp,Female,9482093717,Sweden,12/29/2017
592,Gianni,Ondrasek,gondrasekgf@hostgator.com,Male,7519727832,France,4/12/1994
593,Bearnard,Rittmeier,brittmeiergg@apache.org,Male,9432307072,Philippines,3/11/2010
594,Annmarie,Hounsome,ahounsomegh@deviantart.com,Female,6477578855,Gambia,1/26/1992
595,Syman,Grindley,sgrindleygi@yellowpages.com,Male,8968519153,Portugal,12/27/1990
596,Sven,Preuvost,spreuvostgj@phoca.cz,Male,8068174008,Canada,6/14/1995
597,Skippy,Millson,smillsongk@shop-pro.jp,Male,6032888839,Poland,4/3/2017
598,Baxter,Perrinchief,bperrinchiefgl@google.com.hk,Male,9887606446,Bosnia and Herzegovina,9/15/2007
599,Harley,Madine,hmadinegm@studiopress.com,Female,9861767132,China,4/2/1996
600,Derrik,Deboick,ddeboickgn@liveinternet.ru,Male,8315713311,China,12/21/2015
601,Jamie,Gashion,jgashiongo@time.com,Female,9749021331,Chile,4/17/2016
602,Alexia,Dyter,adytergp@1688.com,Female,9228845638,Croatia,6/19/1998
603,Julie,Cornil,jcornilgq@ow.ly,Male,7769733200,Kazakhstan,11/21/2015
604,Lindon,Timothy,ltimothygr@epa.gov,Male,7302937679,Uruguay,9/10/1991
605,Bessie,Wollacott,bwollacottgs@prnewswire.com,Genderfluid,9572607755,Pakistan,5/9/1998
606,Justen,O'Gorman,jogormangt@cargocollective.com,Male,7114727878,China,4/3/2007
607,Annelise,Rickcord,arickcordgu@com.com,Female,9957570540,Serbia,12/13/2015
608,Lizbeth,Stolberg,lstolberggv@sourceforge.net,Female,8207569144,Bosnia and Herzegovina,10/12/2016
609,Garrek,Vasiliu,gvasiliugw@prlog.org,Male,7530638677,Indonesia,1/28/2010
610,Legra,Rimmer,lrimmergx@cnn.com,Female,9839705044,Pakistan,5/29/1999
611,Nicola,Izatson,nizatsongy@1und1.de,Male,8085945673,Poland,11/27/2011
612,Antonella,Enriquez,aenriquezgz@privacy.gov.au,Female,7641079291,China,6/12/2012
613,Torrence,Gersam,tgersamh0@wikia.com,Bigender,9815256675,Mexico,9/14/1993
614,Zia,Daton,zdatonh1@prweb.com,Female,8043728750,Colombia,12/18/2020
615,Sheelagh,Paschke,spaschkeh2@studiopress.com,Female,8668052486,Colombia,11/7/1996
616,Duky,Yaakov,dyaakovh3@upenn.edu,Male,7137152165,Ireland,4/5/2008
617,Franky,Bernaldez,fbernaldezh4@plala.or.jp,Female,8375018041,Portugal,5/31/1999
618,Thorny,Revel,trevelh5@arizona.edu,Male,7870314356,China,6/15/2007
619,Meier,Muldoon,mmuldoonh6@phoca.cz,Male,8126530778,Vietnam,7/11/2012
620,Gennifer,Maxwale,gmaxwaleh7@diigo.com,Female,9914697770,Bosnia and Herzegovina,4/30/2011
621,Inger,Windibank,iwindibankh8@webeden.co.uk,Male,6614238683,El Salvador,2/14/2012
622,Theodor,Kondratenya,tkondratenyah9@instagram.com,Male,9893276871,Malaysia,4/15/2021
623,Leonard,O'Cassidy,locassidyha@auda.org.au,Male,7659484599,Cuba,4/12/2005
624,Reginald,Durber,rdurberhb@printfriendly.com,Male,7912684802,Mexico,1/31/1994
625,Aili,Bende,abendehc@google.it,Female,9143147223,China,5/11/1992
626,Merilee,Jacmard,mjacmardhd@sun.com,Female,8941899292,Norway,6/26/2001
627,Mickey,Cordelette,mcordelettehe@geocities.jp,Genderfluid,6215363922,China,7/15/1995
628,Cordi,Tremmel,ctremmelhf@bloomberg.com,Female,7625534616,Indonesia,12/1/1996
629,Norry,Stockau,nstockauhg@hubpages.com,Male,7392512121,Saudi Arabia,12/23/1997
630,Cassy,Pendry,cpendryhh@bigcartel.com,Female,7944208668,China,2/16/2014
631,Hannie,Stephen,hstephenhi@zimbio.com,Bigender,9664331568,Kiribati,11/6/1996
632,Leann,Enrdigo,lenrdigohj@netlog.com,Female,9909750027,Namibia,4/16/1993
633,Dido,Firth,dfirthhk@nba.com,Agender,7615142765,China,12/14/2008
634,Daria,Andrault,dandraulthl@hatena.ne.jp,Female,9755181174,Japan,7/6/2022
635,Titos,Gateman,tgatemanhm@free.fr,Male,7554520464,Finland,8/1/1995
636,Quinn,Caddan,qcaddanhn@parallels.com,Polygender,8717571396,Bosnia and Herzegovina,9/15/2000
637,Rutledge,Cordelet,rcordeletho@yolasite.com,Male,8889526869,Sweden,10/4/1993
638,Davida,Finci,dfincihp@cbsnews.com,Female,9962525314,North Korea,5/7/1992
639,Portia,Barhems,pbarhemshq@ehow.com,Female,8206234891,Portugal,6/27/2016
640,Woodman,Gotthard.sf,wgotthardsfhr@issuu.com,Male,9241088859,Peru,9/16/2009
641,Moore,Rosenbloom,mrosenbloomhs@photobucket.com,Male,8488729985,Sweden,11/7/2002
642,Amble,Sillars,asillarsht@parallels.com,Male,7337217812,Mozambique,1/24/2008
643,Eduard,Tolomei,etolomeihu@pcworld.com,Male,8923873460,Brazil,10/3/2014
644,Finn,Fessier,ffessierhv@upenn.edu,Male,8977904622,China,12/10/2005
645,Teena,Tribble,ttribblehw@mozilla.org,Genderqueer,6975613246,South Africa,3/12/2015
646,Emmit,Vitet,evitethx@nytimes.com,Male,8526484807,Indonesia,10/22/1992
647,Cindie,Izon,cizonhy@cyberchimps.com,Female,6220611297,Netherlands,1/5/1992
648,Far,Whitesel,fwhiteselhz@yandex.ru,Male,8156416083,Russia,7/11/1990
649,Bryon,Livard,blivardi0@accuweather.com,Male,6704646843,Chile,11/26/2005
650,Nan,Geeson,ngeesoni1@guardian.co.uk,Female,9513910894,Czech Republic,3/8/2006
651,Alastair,Vasiljevic,avasiljevici2@dagondesign.com,Male,7015880657,Cuba,9/8/2014
652,Phyllis,Bourner,pbourneri3@ihg.com,Female,7417980953,Indonesia,10/2/2005
653,Cesar,Demko,cdemkoi4@devhub.com,Male,6691066697,China,10/4/2010
654,Ade,Flye,aflyei5@sun.com,Male,7884676704,Cameroon,10/29/1997
655,Garwin,China,gchinai6@europa.eu,Male,9465298660,Serbia,12/27/2009
656,Deva,Whatsize,dwhatsizei7@plala.or.jp,Female,9525600439,China,10/2/2004
657,Andromache,Gerlack,agerlacki8@npr.org,Female,7087934761,Colombia,9/11/2007
658,Brion,Egginton,beggintoni9@skyrock.com,Male,6683056221,China,3/17/1998
659,Donalt,Groves,dgrovesia@cloudflare.com,Male,7036477959,Cuba,11/11/2019
660,Gipsy,Efford,geffordib@addtoany.com,Female,6970234691,France,6/9/2010
661,Verena,Biffen,vbiffenic@geocities.jp,Genderqueer,7521193654,Canada,11/2/1993
662,Haze,Warre,hwarreid@google.de,Non-binary,6849972065,China,6/3/1994
663,Karlotte,Littlemore,klittlemoreie@wp.com,Female,9075300199,Albania,8/4/2009
664,Jock,Frain,jfrainif@berkeley.edu,Male,7953965882,Russia,2/7/2013
665,Eldon,Pocknoll,epocknollig@jiathis.com,Male,6271217188,Portugal,7/25/2001
666,Mabelle,Patesel,mpateselih@vk.com,Female,7386860822,Armenia,1/25/1993
667,Arly,Uff,auffii@uiuc.edu,Female,6737156616,Belarus,12/16/2012
668,Joshia,MacTrustie,jmactrustieij@oakley.com,Male,6113543891,Libya,6/19/1991
669,Selestina,Dulanty,sdulantyik@boston.com,Female,7608908600,Indonesia,6/10/1997
670,Nelson,Manlow,nmanlowil@weebly.com,Male,7711318813,Indonesia,5/22/2002
671,Dyana,Heinzel,dheinzelim@harvard.edu,Female,7146535073,United States,9/5/2005
672,Dunstan,Pabelik,dpabelikin@tinypic.com,Male,8624132471,Democratic Republic of the Congo,11/9/2021
673,Mollie,Dunk,mdunkio@tamu.edu,Female,7997451389,China,4/8/1998
674,Guillemette,Hablet,ghabletip@wp.com,Female,9046370154,Brazil,4/7/2019
675,Othilie,Maddern,omadderniq@ebay.com,Female,9522367332,South Africa,4/25/2001
676,Hedy,Memory,hmemoryir@berkeley.edu,Female,8242985402,Russia,6/24/2018
677,Novelia,Gimber,ngimberis@statcounter.com,Female,6218017088,Tuvalu,2/4/1991
678,Rozina,Simyson,rsimysonit@comcast.net,Female,6781192699,Sweden,11/22/2006
679,Ingeberg,Work,iworkiu@xing.com,Female,6862129650,Finland,7/18/1990
680,Ambur,Palleske,apalleskeiv@ibm.com,Female,6689784543,United States,11/1/2015
681,Dudley,Peregrine,dperegrineiw@t-online.de,Male,8371309736,Philippines,3/22/2012
682,Carlye,Newnham,cnewnhamix@sitemeter.com,Female,6938663324,China,11/17/2017
683,Aaron,Flucker,afluckeriy@about.me,Male,7111948444,Senegal,5/4/2003
684,Kassie,Crampsy,kcrampsyiz@posterous.com,Female,9075101439,Indonesia,11/4/1996
685,Pablo,Mardling,pmardlingj0@nbcnews.com,Male,8150280483,Croatia,12/4/2019
686,Justus,Cotte,jcottej1@biglobe.ne.jp,Male,8044469591,China,1/16/1997
687,Simone,Lashmar,slashmarj2@fc2.com,Female,9788551167,Samoa,7/15/2003
688,Monroe,Garey,mgareyj3@prlog.org,Male,8142164150,Myanmar,9/12/2015
689,Mischa,Cust,mcustj4@github.io,Male,7644208199,China,4/5/2002
690,Hayley,Kleinhandler,hkleinhandlerj5@google.nl,Genderqueer,6754758891,Armenia,8/11/2020
691,Archaimbaud,Erickson,aericksonj6@feedburner.com,Male,8340505913,Colombia,2/27/2018
692,Eal,Vennard,evennardj7@usgs.gov,Male,6978963499,Indonesia,7/21/2007
693,Lem,Lemin,lleminj8@edublogs.org,Male,8401023484,Russia,7/10/2015
694,Byran,Wardell,bwardellj9@springer.com,Male,9993154834,Malaysia,5/28/2015
695,Obediah,Constanza,oconstanzaja@nationalgeographic.com,Male,6231030144,France,5/18/2001
696,Rozele,Guppy,rguppyjb@bloglines.com,Female,6214233165,Russia,5/14/1997
697,Pete,Jallin,pjallinjc@altervista.org,Male,8422146988,Vietnam,4/24/2018
698,Enoch,Jeenes,ejeenesjd@army.mil,Male,7428757021,Russia,4/2/2020
699,Rriocard,Dunaway,rdunawayje@samsung.com,Male,6666242705,Madagascar,12/1/1999
700,Helyn,Conrath,hconrathjf@webs.com,Female,9098500926,Malaysia,6/11/2009
701,Robinet,Sturte,rsturtejg@ebay.com,Female,9414890376,Japan,12/26/2003
702,Lion,Hubbuck,lhubbuckjh@jimdo.com,Male,7134944970,Czech Republic,3/3/2001
703,Jacky,Rathbone,jrathboneji@cmu.edu,Male,9548475264,China,2/10/2002
704,Shoshana,Gogin,sgoginjj@g.co,Female,9462138552,Sweden,8/14/2018
705,Jon,Summerson,jsummersonjk@newyorker.com,Male,6392845853,China,3/15/1995
706,Kiley,Jimmes,kjimmesjl@bandcamp.com,Female,8607632274,Sweden,8/14/2006
707,Erda,Rowthorne,erowthornejm@e-recht24.de,Polygender,7979441725,Czech Republic,3/28/2010
708,Herrick,Ollett,hollettjn@omniture.com,Male,6669341353,Kazakhstan,10/11/2022
709,Garold,Berger,gbergerjo@creativecommons.org,Male,9513387018,Indonesia,7/6/2017
710,Patty,Riolfi,priolfijp@princeton.edu,Male,6628958484,China,9/4/1995
711,Jobey,Gimblet,jgimbletjq@mac.com,Genderfluid,9332169402,Czech Republic,11/20/2000
712,Enrica,Pelling,epellingjr@zimbio.com,Female,6762148300,China,2/19/2012
713,Orelee,Laydon,olaydonjs@senate.gov,Female,9820019624,Czech Republic,12/4/2000
714,Rosalyn,Coopman,rcoopmanjt@hostgator.com,Female,7336031051,Indonesia,1/25/2005
715,Mathian,Ardy,mardyju@histats.com,Male,7196158011,Portugal,5/9/2015
716,Zachery,Danko,zdankojv@pcworld.com,Male,7137832843,Mexico,5/30/2002
717,Elyssa,Eingerfield,eeingerfieldjw@t.co,Female,8805096612,Thailand,12/15/1996
718,Emlynne,Huzzay,ehuzzayjx@unesco.org,Female,9183509424,Indonesia,4/28/1992
719,Sybila,Hanbury,shanburyjy@ca.gov,Female,8856244186,Indonesia,7/17/1998
720,Clemence,Romi,cromijz@4shared.com,Female,6619260800,Canada,2/25/1992
721,Ellynn,Braybrooke,ebraybrookek0@smh.com.au,Female,6440420696,Cyprus,10/13/1998
722,Reggie,Hammett,rhammettk1@forbes.com,Male,7675330015,Latvia,9/4/2002
723,Melanie,Romain,mromaink2@theguardian.com,Female,7947554288,Indonesia,8/2/2004
724,Saunderson,Virgo,svirgok3@omniture.com,Male,8648536911,Kazakhstan,4/4/2009
725,Templeton,Bertolaccini,tbertolaccinik4@pen.io,Male,8590526057,Italy,6/23/2011
726,Carlie,Stroband,cstrobandk5@ed.gov,Female,6073678385,France,4/23/2014
727,Alexia,Mingame,amingamek6@clickbank.net,Female,7140979980,Ukraine,2/16/2006
728,Shaun,Shimwell,sshimwellk7@bloglovin.com,Female,8780214428,Greece,2/24/2016
729,Scottie,Reisk,sreiskk8@wikia.com,Male,8818993797,France,7/28/2011
730,Jonathon,Lampl,jlamplk9@nifty.com,Genderqueer,8416330159,Sweden,10/30/2001
731,Dav,Dodshun,ddodshunka@biblegateway.com,Male,7533659748,China,2/22/1996
732,Ebenezer,Castelletti,ecastellettikb@goo.gl,Male,8545456525,Yemen,11/23/2007
733,Artemus,Haggarty,ahaggartykc@google.com.br,Male,6872618047,France,9/10/1999
734,Glenda,Licence,glicencekd@nba.com,Female,8295865872,South Africa,12/18/1993
735,Luella,Crain,lcrainke@istockphoto.com,Female,9560454471,Indonesia,8/25/2008
736,Sindee,Sutherington,ssutheringtonkf@yellowbook.com,Female,8518232309,China,6/9/1990
737,Darcy,Arghent,darghentkg@howstuffworks.com,Polygender,6059613324,Russia,10/21/1994
738,Marlo,Linnock,mlinnockkh@nhs.uk,Female,7856880597,New Zealand,2/16/2015
739,Jory,Lovegrove,jlovegroveki@unicef.org,Non-binary,9366264739,France,6/24/1992
740,Timotheus,Senten,tsentenkj@deliciousdays.com,Male,6977998331,Pakistan,4/29/2019
741,Burnaby,Hackforth,bhackforthkk@taobao.com,Male,9330891725,Benin,6/19/2007
742,Philipa,Bramhill,pbramhillkl@reverbnation.com,Female,6950305481,Portugal,4/17/2013
743,Isidore,Margiotta,imargiottakm@salon.com,Male,8254808124,Indonesia,12/9/1999
744,Augie,Causier,acausierkn@tmall.com,Male,6730458381,Vietnam,2/6/1997
745,Miller,Grunnell,mgrunnellko@disqus.com,Male,7235568137,Czech Republic,10/19/2011
746,Matias,Gibbs,mgibbskp@google.de,Male,7851368637,Indonesia,6/27/1993
747,Cobbie,Hebson,chebsonkq@wp.com,Polygender,8808211496,Portugal,3/9/2018
748,Celka,Rahlof,crahlofkr@bravesites.com,Female,7683805761,China,10/11/2011
749,Ingamar,Danigel,idanigelks@tinyurl.com,Male,6799385627,France,11/15/2019
750,Herman,Hugill,hhugillkt@yellowbook.com,Male,7636628902,Russia,3/25/2007
751,Dalia,Cordell,dcordellku@ca.gov,Female,7023527371,South Africa,10/12/2013
752,Jere,Harlock,jharlockkv@miibeian.gov.cn,Genderfluid,8993862285,Philippines,3/10/2007
753,Rosalind,Godbald,rgodbaldkw@intel.com,Female,7784496006,Ethiopia,8/18/1993
754,Broddy,Da Costa,bdacostakx@moonfruit.com,Male,9720603753,Syria,9/22/2003
755,Allix,Askwith,aaskwithky@nbcnews.com,Female,7439367016,Indonesia,4/22/2015
756,Shane,MacConnal,smacconnalkz@slate.com,Male,7332584569,Russia,4/11/2013
757,Mufinella,Pendrill,mpendrilll0@vkontakte.ru,Female,8599662024,Argentina,10/13/2005
758,Jonathon,Conaghan,jconaghanl1@reuters.com,Male,6292684359,Jordan,3/8/2008
759,Greta,Cason,gcasonl2@time.com,Female,9515322888,Nigeria,4/28/2021
760,Elga,Edelston,eedelstonl3@apache.org,Female,7319771353,Russia,10/18/1992
761,Bondy,Meffen,bmeffenl4@imdb.com,Male,9391281022,Russia,8/26/2003
762,Georgeta,Lowndsborough,glowndsboroughl5@phoca.cz,Female,9399928799,North Korea,2/16/1991
763,Kristy,Dunkinson,kdunkinsonl6@nationalgeographic.com,Female,9270346355,Russia,8/24/2020
764,Tasia,Harsum,tharsuml7@infoseek.co.jp,Female,7610029660,United States,10/29/2019
765,Sianna,Campaigne,scampaignel8@sphinn.com,Female,8245132493,Hungary,5/8/2010
766,Cherey,Dovey,cdoveyl9@cisco.com,Female,6017172089,China,7/11/2022
767,Haley,Stockley,hstockleyla@ebay.com,Male,7131277146,Poland,5/31/2021
768,Christophe,Grinin,cgrininlb@wired.com,Male,7862105350,Peru,12/16/2006
769,Warren,Dugood,wdugoodlc@sakura.ne.jp,Male,9492757633,Swaziland,5/28/2020
770,Lesli,Ortells,lortellsld@sciencedirect.com,Female,7113164010,Vietnam,6/2/1994
771,Ag,Sollon,asollonle@typepad.com,Female,6938847940,Indonesia,1/3/2011
772,Barth,Samwyse,bsamwyself@cdbaby.com,Male,8193840477,Philippines,3/25/2022
773,Rozanna,Skinn,rskinnlg@istockphoto.com,Female,8321447204,United States,9/11/2005
774,Averyl,Reuven,areuvenlh@shareasale.com,Female,7153088144,China,8/28/1998
775,Shaylynn,Arminger,sarmingerli@dot.gov,Female,6474951853,Ethiopia,10/12/2014
776,Kathryne,Heaviside,kheavisidelj@google.cn,Female,7255373769,Colombia,1/12/2006
777,Rik,Reichhardt,rreichhardtlk@google.it,Male,9170393662,Vietnam,5/2/2007
778,Todd,Keast,tkeastll@de.vu,Male,6236386747,Poland,2/24/2023
779,Ad,Wellwood,awellwoodlm@paginegialle.it,Agender,6158442535,China,4/29/2011
780,Husain,Nassi,hnassiln@mtv.com,Male,9695421165,China,12/11/1995
781,Molly,Dominiak,mdominiaklo@livejournal.com,Female,7425053970,China,11/23/2013
782,Emmalynne,Grantham,egranthamlp@istockphoto.com,Non-binary,6070110367,China,6/12/2013
783,Marena,Dorran,mdorranlq@slideshare.net,Polygender,8003472232,Burkina Faso,11/30/2002
784,Murielle,Eade,meadelr@ox.ac.uk,Female,6304558720,Kenya,9/12/2012
785,Lari,Ruseworth,lruseworthls@so-net.ne.jp,Female,7592865520,Russia,9/16/2012
786,Annamaria,Barter,abarterlt@1und1.de,Female,8275230579,Indonesia,5/24/2011
787,Lesly,Brunroth,lbrunrothlu@rediff.com,Female,9732764885,Sweden,10/26/1996
788,Alexis,Ianelli,aianellilv@dailymail.co.uk,Female,6443202952,Sudan,8/13/1992
789,Regen,Belfit,rbelfitlw@ucoz.ru,Male,9142672751,Philippines,5/23/2001
790,Carlita,Kyd,ckydlx@goo.gl,Female,8289816111,Indonesia,7/30/2019
791,Agathe,Learmont,alearmontly@zdnet.com,Female,6397122184,Iran,9/27/1992
792,Sabra,Broadbury,sbroadburylz@theguardian.com,Female,9675557775,Canada,11/12/2012
793,Vivi,Reisen,vreisenm0@unc.edu,Female,6688948612,Philippines,7/17/2006
794,Mathe,Gosling,mgoslingm1@upenn.edu,Male,9788235263,Mauritius,7/20/2017
795,Thom,Rival,trivalm2@wp.com,Male,6866456153,China,7/16/2007
796,Thatcher,Carswell,tcarswellm3@goo.ne.jp,Male,9182888592,Poland,11/22/2019
797,Annadiana,Saltman,asaltmanm4@simplemachines.org,Female,6461000989,Indonesia,4/15/2018
798,Gerrie,Maylin,gmaylinm5@theatlantic.com,Genderfluid,6075332199,Jordan,1/2/2007
799,Yorgos,Wildbore,ywildborem6@cbc.ca,Male,8113549599,Peru,1/22/2002
800,Darn,Mereweather,dmereweatherm7@bloglines.com,Male,7107998645,China,12/21/2020
801,Zackariah,Downer,zdownerm8@yandex.ru,Male,7272799261,Portugal,1/1/2018
802,Nickola,Duckhouse,nduckhousem9@rambler.ru,Male,9112128784,Russia,5/18/1999
803,Paulie,Dumini,pduminima@barnesandnoble.com,Male,7655886223,Indonesia,2/22/2015
804,Bailie,Hearl,bhearlmb@topsy.com,Male,7931085472,Niger,4/8/2007
805,Fairfax,Harborow,fharborowmc@businessinsider.com,Male,7064040454,Russia,12/25/1999
806,Bebe,Aymerich,baymerichmd@yellowpages.com,Female,7166436235,Philippines,12/21/2020
807,Staci,Portinari,sportinarime@elpais.com,Female,7983220867,Russia,8/5/2011
808,Pall,Stephenson,pstephensonmf@mozilla.org,Male,8564816494,Colombia,9/15/2020
809,Tadio,Bullocke,tbullockemg@usatoday.com,Male,7956488725,France,5/20/1990
810,Kanya,Gutowska,kgutowskamh@skype.com,Female,9950028988,Brazil,6/27/1992
811,Bruce,Brecknall,bbrecknallmi@noaa.gov,Male,8535847770,China,9/2/2012
812,Rance,Rowles,rrowlesmj@soup.io,Male,6024850292,Philippines,2/7/2009
813,Conrad,Gething,cgethingmk@latimes.com,Male,8739681168,Czech Republic,2/18/2003
814,Charles,Asser,casserml@microsoft.com,Male,9008720345,Germany,10/10/2021
815,Wallis,Grinley,wgrinleymm@yellowbook.com,Female,9570058249,Netherlands,9/7/1997
816,Addison,Folkerts,afolkertsmn@fastcompany.com,Male,8552745288,Brazil,4/10/1999
817,Eli,Newsham,enewshammo@goo.gl,Agender,9923707098,Honduras,7/26/1993
818,Sydelle,Orrill,sorrillmp@twitter.com,Female,6788198326,Laos,9/18/1993
819,Winona,Killingback,wkillingbackmq@imageshack.us,Female,7167280017,Sweden,5/23/2021
820,Stacey,Ridgwell,sridgwellmr@bloomberg.com,Genderfluid,6443314571,Nigeria,10/10/1996
821,Krishna,Sargison,ksargisonms@seattletimes.com,Male,9126433258,South Africa,5/9/2008
822,Matthias,Rodmell,mrodmellmt@fda.gov,Polygender,8663713305,China,9/19/2004
823,Kissiah,Screeton,kscreetonmu@xing.com,Female,8163110563,China,4/19/2004
824,Ralf,Nolton,rnoltonmv@mozilla.org,Male,8025529226,Bosnia and Herzegovina,3/18/2002
825,Sigfrid,Daile,sdailemw@hatena.ne.jp,Male,8440716982,Serbia,5/10/2018
826,Royal,Gaynor,rgaynormx@pcworld.com,Male,6681611917,Portugal,12/22/2005
827,Far,Soldan,fsoldanmy@soup.io,Male,7501646092,Russia,3/23/2006
828,Kesley,Tranckle,ktrancklemz@wikipedia.org,Female,7063388121,Portugal,12/5/2003
829,Genevra,Rooksby,grooksbyn0@merriam-webster.com,Female,9258267645,Canada,5/21/2010
830,Quentin,Boldison,qboldisonn1@taobao.com,Male,7809110161,Nigeria,10/10/2010
831,Trenton,Letherbury,tletherburyn2@gravatar.com,Male,9465273775,Colombia,9/26/2011
832,Erroll,Suter,esutern3@t.co,Male,7879054894,Portugal,7/13/2016
833,Nikolai,Spinello,nspinellon4@multiply.com,Male,7431919559,China,9/7/2004
834,Nellie,Aujouanet,naujouanetn5@123-reg.co.uk,Female,9254031197,China,6/22/2004
835,Marve,Armell,marmelln6@about.com,Male,6280397782,Afghanistan,8/23/2006
836,Otho,Kwietak,okwietakn7@live.com,Male,8459343687,Mauritania,12/8/2017
837,Modesty,Rann,mrannn8@examiner.com,Female,7084824132,Peru,12/7/2018
838,Derron,Artiss,dartissn9@mozilla.org,Male,7931359296,China,10/2/2017
839,Menard,Southerill,msoutherillna@vinaora.com,Genderqueer,6150214991,Yemen,1/24/2017
840,Alfreda,Duchart,aduchartnb@xing.com,Female,7750629282,Libya,6/12/2013
841,Dudley,Hamp,dhampnc@reverbnation.com,Male,8260747200,Philippines,2/26/2002
842,Enrique,Yalden,eyaldennd@bandcamp.com,Male,9158673879,Portugal,6/28/2004
843,Freemon,Paulillo,fpaulillone@feedburner.com,Male,7538188741,China,7/29/2021
844,Colby,Cottom,ccottomnf@oracle.com,Male,6680519390,Brazil,1/2/2004
845,Leese,Sonnenschein,lsonnenscheinng@booking.com,Female,7128824530,Oman,11/14/2016
846,Barry,Ducker,bduckernh@noaa.gov,Female,7343847405,Philippines,8/19/2002
847,Elene,Boyle,eboyleni@ebay.com,Female,6679826747,Russia,4/15/2002
848,Dennison,Vogt,dvogtnj@ameblo.jp,Male,9869845678,China,5/13/1998
849,Archy,Dionisi,adionisink@msn.com,Male,7623502692,United States,10/12/1994
850,Ashley,Sandeford,asandefordnl@fema.gov,Male,9811502812,Indonesia,6/29/2015
851,Cthrine,Andreichik,candreichiknm@blog.com,Female,7338250777,United States,1/10/2012
852,Kendricks,Josselsohn,kjosselsohnnn@discovery.com,Male,7955166128,Canada,12/20/2004
853,Robby,Savage,rsavageno@odnoklassniki.ru,Male,8645894020,Portugal,11/15/2008
854,Paquito,Tomney,ptomneynp@oaic.gov.au,Male,7441089477,Indonesia,11/18/2001
855,Rubetta,O'Shesnan,roshesnannq@vkontakte.ru,Female,6818604655,Colombia,4/9/2015
856,Justinian,Matteini,jmatteininr@tripadvisor.com,Male,6301845545,China,4/15/2016
857,Aggie,Fredi,afredins@ustream.tv,Female,8171056508,Sweden,5/7/2021
858,Colette,Daly,cdalynt@delicious.com,Female,9545393830,Estonia,8/19/2021
859,Ennis,Bigg,ebiggnu@deliciousdays.com,Male,9242577410,Russia,10/4/2009
860,Ilysa,Fonzo,ifonzonv@hc360.com,Female,6555799319,Brazil,4/5/2001
861,Verine,Dallmann,vdallmannnw@icio.us,Female,7620595215,Indonesia,4/1/2002
862,Robena,Petters,rpettersnx@networkadvertising.org,Female,9645402991,Mexico,2/7/1995
863,Brendin,Morhall,bmorhallny@linkedin.com,Male,6644603378,Brazil,3/14/2002
864,Blondie,Colum,bcolumnz@unc.edu,Female,8022860821,Indonesia,10/4/2002
865,Brandy,Kench,bkencho0@ycombinator.com,Female,6901306088,Tunisia,1/16/1998
866,Germayne,Morton,gmortono1@ning.com,Male,9879776822,Peru,9/3/2005
867,Abbie,Clausius,aclausiuso2@va.gov,Male,7086288444,China,2/20/2006
868,Judd,Matchitt,jmatchitto3@oracle.com,Male,6532057196,China,7/22/2008
869,Felicia,Hagyard,fhagyardo4@tiny.cc,Female,6768962173,Albania,7/13/1991
870,Raddie,Laydon,rlaydono5@gmpg.org,Male,9797946709,Peru,5/31/2006
871,Jamil,Trelevan,jtrelevano6@bloglovin.com,Male,9571075638,China,5/7/2008
872,Grace,Caulket,gcaulketo7@imgur.com,Male,7743635231,Sweden,10/6/2000
873,Gun,Del Monte,gdelmonteo8@sphinn.com,Male,7034841781,Russia,9/5/2020
874,Waylon,Piwall,wpiwallo9@4shared.com,Male,7627502079,Russia,5/4/1990
875,Kelly,Regorz,kregorzoa@miitbeian.gov.cn,Male,7607921356,Malaysia,4/30/2015
876,Mayer,Guinn,mguinnob@huffingtonpost.com,Male,6898955263,Colombia,4/12/1992
877,Saul,Farrear,sfarrearoc@nsw.gov.au,Male,9511502277,Indonesia,4/21/2009
878,Ara,Renvoys,arenvoysod@latimes.com,Male,7205158878,China,8/29/2013
879,Kali,Fryd,kfrydoe@about.me,Female,8453637269,China,9/18/2020
880,Bobbette,Brockwell,bbrockwellof@artisteer.com,Female,6845516402,Sweden,11/23/2007
881,Hermione,Schulze,hschulzeog@tiny.cc,Female,6933803390,Nigeria,5/22/2000
882,Axe,Davidde,adaviddeoh@economist.com,Male,9238335957,Indonesia,4/12/2003
883,Carolan,Croxley,ccroxleyoi@oracle.com,Female,7022655610,United States,10/14/2009
884,Normy,Dracey,ndraceyoj@ehow.com,Male,7575330998,Peru,3/7/2016
885,Jefferey,Bielfeld,jbielfeldok@usnews.com,Male,8835676472,Russia,4/26/1990
886,Steffen,Whorlton,swhorltonol@trellian.com,Male,8520871589,Venezuela,12/28/2012
887,Odelle,Crepin,ocrepinom@hexun.com,Female,9120772068,Philippines,3/31/2020
888,Cati,Mcmanaman,cmcmanamanon@github.com,Female,9632310779,Philippines,4/2/1992
889,Matthias,Fuentez,mfuentezoo@mediafire.com,Male,9693967759,Indonesia,11/11/2006
890,Menard,Costelloe,mcostelloeop@amazon.co.jp,Male,6912113595,China,12/22/2002
891,Cullin,Westell,cwestelloq@tinypic.com,Male,9908517027,Indonesia,3/31/1998
892,Ivy,Schirok,ischirokor@businesswire.com,Female,8534521006,China,4/5/2013
893,Georgy,Revett,grevettos@umich.edu,Male,6561132785,China,4/21/2007
894,Estelle,Lyon,elyonot@sciencedirect.com,Agender,8337330429,Poland,1/8/2012
895,Giana,Doerling,gdoerlingou@shutterfly.com,Female,7756009771,Indonesia,10/5/2019
896,Davis,Caplin,dcaplinov@smugmug.com,Male,6644774322,France,5/22/1997
897,Raychel,Esherwood,resherwoodow@indiatimes.com,Female,8145216425,Zambia,6/11/1998
898,Kelcy,Carlon,kcarlonox@360.cn,Female,7278711814,Indonesia,5/29/2010
899,Elinor,Frostick,efrostickoy@slate.com,Female,9549379729,United States,2/24/2005
900,Esmaria,Lavies,elaviesoz@columbia.edu,Female,9885131758,Peru,7/31/2014
901,Klarrisa,Trude,ktrudep0@last.fm,Female,8461185161,China,6/15/2003
902,Donall,Areles,darelesp1@simplemachines.org,Male,8232004801,China,8/3/1992
903,Nobe,Screwton,nscrewtonp2@state.tx.us,Male,9532214830,Pakistan,10/21/2021
904,Seth,Feaks,sfeaksp3@globo.com,Male,6541713423,Russia,12/10/2007
905,Claresta,Somerset,csomersetp4@cornell.edu,Female,6935284517,Egypt,3/30/2010
906,Jacynth,Lowdes,jlowdesp5@linkedin.com,Female,6037765984,Sweden,8/26/1994
907,Eugenie,Keighly,ekeighlyp6@flickr.com,Female,8144545825,Zambia,10/19/2003
908,Teodorico,Eschalotte,teschalottep7@eventbrite.com,Male,8611710550,Vanuatu,3/16/1993
909,Jaymie,Creak,jcreakp8@mail.ru,Male,8552159755,Canada,3/27/2023
910,Adams,Gullam,agullamp9@linkedin.com,Male,8477469275,Canada,10/15/1996
911,Lewes,Gaffon,lgaffonpa@census.gov,Male,7930624028,Czech Republic,1/14/2004
912,Clarissa,Burle,cburlepb@facebook.com,Female,7984535296,Japan,10/24/2014
913,Alexandros,Biner,abinerpc@vk.com,Male,7155441357,Afghanistan,1/11/2022
914,Haywood,Abbey,habbeypd@angelfire.com,Non-binary,9511355180,China,1/12/2014
915,Karia,Winteringham,kwinteringhampe@si.edu,Female,8800348015,China,6/8/2010
916,Hesther,Blaxill,hblaxillpf@deliciousdays.com,Female,6192946263,Philippines,7/10/2014
917,Mario,Roobottom,mroobottompg@ocn.ne.jp,Genderfluid,7093174145,Indonesia,2/15/1997
918,Lorettalorna,Lill,llillph@imgur.com,Female,6877150739,China,1/4/2023
919,Michael,Scrinage,mscrinagepi@goo.gl,Male,6850803676,Brazil,12/23/2022
920,Dayle,Springall,dspringallpj@symantec.com,Genderfluid,8422663191,Brazil,12/30/2012
921,Haroun,Danser,hdanserpk@imgur.com,Male,6352098298,China,9/22/2014
922,Mufi,Pinwell,mpinwellpl@independent.co.uk,Female,9720476413,Nigeria,1/12/1995
923,Diego,Pelos,dpelospm@bizjournals.com,Male,8139881359,Indonesia,9/20/1991
924,Benson,Tunsley,btunsleypn@ed.gov,Male,9535569910,Greece,7/29/2004
925,Leandra,Lindgren,llindgrenpo@theglobeandmail.com,Female,8900329863,Brazil,5/24/2002
926,Kippy,Corcoran,kcorcoranpp@altervista.org,Male,6798578380,Zimbabwe,7/21/1999
927,Hymie,Fessions,hfessionspq@slate.com,Male,6383770480,United States,1/16/2021
928,Doe,Mayell,dmayellpr@opera.com,Female,9196121370,Argentina,8/1/2020
929,Filberte,Yardy,fyardyps@uol.com.br,Male,7501592432,Ukraine,10/26/1995
930,Burl,Ronca,broncapt@techcrunch.com,Male,8945417815,Indonesia,1/31/2006
931,Zerk,Pateman,zpatemanpu@aboutads.info,Agender,8960572521,Japan,6/14/2004
932,Leshia,Crome,lcromepv@google.ca,Female,7641030118,Estonia,6/17/2021
933,Raynard,Gannicleff,rgannicleffpw@symantec.com,Male,6549739251,Mexico,2/20/1995
934,Lianna,Wolstenholme,lwolstenholmepx@timesonline.co.uk,Female,6814773297,Portugal,9/11/2009
935,Aluin,Grahamslaw,agrahamslawpy@friendfeed.com,Male,6190309457,China,9/29/2021
936,Bryn,Ommanney,bommanneypz@google.com.au,Female,9608616930,Poland,1/13/1999
937,Giulietta,Llewelyn,gllewelynq0@bing.com,Female,7724293157,Canada,11/30/1997
938,Halsy,Beckett,hbeckettq1@nbcnews.com,Male,6040043000,El Salvador,7/23/2011
939,Angelina,Jinda,ajindaq2@stumbleupon.com,Female,8164139024,Syria,7/28/1990
940,Rip,Bakhrushkin,rbakhrushkinq3@symantec.com,Male,9481187478,China,5/27/1995
941,Al,Yeatman,ayeatmanq4@webs.com,Male,9911567429,Bosnia and Herzegovina,1/2/2006
942,Isabella,Rosgen,irosgenq5@wufoo.com,Female,7039225725,Indonesia,4/21/2000
943,Sergio,Labbet,slabbetq6@usatoday.com,Male,9526492699,Portugal,4/1/2022
944,Winthrop,Bartels,wbartelsq7@fastcompany.com,Male,7118283459,Malaysia,6/11/2005
945,Danyelle,Hobden,dhobdenq8@accuweather.com,Female,9243306118,Philippines,9/26/2003
946,Caye,O'Riordan,coriordanq9@barnesandnoble.com,Female,8661256696,U.S. Virgin Islands,2/24/2021
947,Sigmund,Moulson,smoulsonqa@4shared.com,Male,9659276605,Colombia,4/26/2015
948,Twila,Humpherston,thumpherstonqb@kickstarter.com,Female,7477939937,Armenia,6/5/2011
949,Colene,Diess,cdiessqc@microsoft.com,Female,6998653850,Portugal,6/11/2002
950,Tripp,Rattery,tratteryqd@marketwatch.com,Male,9012071346,Colombia,1/24/2004
951,Vachel,Hoys,vhoysqe@umich.edu,Male,7716104273,Russia,10/20/1995
952,Benjy,Atkins,batkinsqf@loc.gov,Male,6772185611,Russia,11/14/2012
953,Berty,Call,bcallqg@dagondesign.com,Male,6179442616,Indonesia,10/9/2011
954,Amata,Theunissen,atheunissenqh@de.vu,Female,7719542750,Indonesia,9/12/2018
955,Seumas,Reder,srederqi@multiply.com,Male,7349054728,Hungary,7/26/1992
956,Antons,Prestney,aprestneyqj@e-recht24.de,Bigender,6105589173,China,9/16/2005
957,Dar,Macias,dmaciasqk@twitpic.com,Male,6730978422,Poland,10/14/1999
958,Marlie,Archibold,marchiboldql@archive.org,Female,8282131589,Indonesia,8/19/1999
959,Teddi,Cinelli,tcinelliqm@gizmodo.com,Female,8978736436,Czech Republic,5/31/2005
960,Sanson,Sango,ssangoqn@shutterfly.com,Male,6003410870,Kenya,9/14/2007
961,Gavin,Harry,gharryqo@netlog.com,Male,8160363299,Portugal,7/30/2006
962,Derrick,Peoples,dpeoplesqp@4shared.com,Male,6662702531,China,4/19/2001
963,Milicent,Wind,mwindqq@odnoklassniki.ru,Female,9379500155,Brazil,9/25/2010
964,Sosanna,Ainsbury,sainsburyqr@accuweather.com,Female,6197075443,Philippines,9/19/2010
965,Emily,Vines,evinesqs@unblog.fr,Female,6617253426,France,9/4/2007
966,Andriette,Oswal,aoswalqt@so-net.ne.jp,Female,6926045228,Philippines,12/19/2017
967,Domenico,Reoch,dreochqu@squarespace.com,Male,9921551441,Philippines,7/24/1998
968,Alexandra,Meaton,ameatonqv@foxnews.com,Female,9177228583,Indonesia,4/16/2016
969,Nicola,Offord,noffordqw@eventbrite.com,Male,6560926827,Mali,2/12/1993
970,Fredelia,Tomsett,ftomsettqx@devhub.com,Female,9789596317,Indonesia,6/30/2011
971,Garret,Mariner,gmarinerqy@ed.gov,Male,8972311992,United States,3/20/2013
972,Glennie,Pardy,gpardyqz@mit.edu,Female,7743291006,China,3/17/2002
973,Marcelle,Gartan,mgartanr0@rediff.com,Female,7003246211,Syria,10/4/1993
974,Harriett,Foulds,hfouldsr1@desdev.cn,Female,6619284190,Indonesia,10/1/2000
975,Joaquin,Vicar,jvicarr2@guardian.co.uk,Male,6128848607,Indonesia,1/5/2009
976,Thoma,Auchinleck,tauchinleckr3@twitter.com,Male,8769919350,China,2/7/2010
977,Georgina,MacLure,gmaclurer4@instagram.com,Female,7233210213,Brazil,3/21/2006
978,Lemuel,Koubek,lkoubekr5@google.cn,Male,6706800260,Indonesia,1/6/2001
979,Shandee,Gronav,sgronavr6@fc2.com,Female,9122422728,Philippines,9/21/2012
980,Syd,Pawnsford,spawnsfordr7@gravatar.com,Male,6829123938,Russia,3/5/2006
981,Harwilll,Doncaster,hdoncasterr8@list-manage.com,Male,7304754672,Tanzania,5/16/2009
982,Joann,Clarabut,jclarabutr9@diigo.com,Female,9442138498,Philippines,9/30/2000
983,Byron,Iredale,biredalera@liveinternet.ru,Male,9068828248,Philippines,5/28/2022
984,Virgie,Hearst,vhearstrb@bloglines.com,Male,9642929306,China,10/15/2005
985,Dulcine,Hinken,dhinkenrc@nydailynews.com,Female,6914821152,El Salvador,3/9/2022
986,Josee,Macci,jmaccird@pagesperso-orange.fr,Non-binary,8808194754,Montenegro,9/21/2004
987,Demetris,Queyeiro,dqueyeirore@hatena.ne.jp,Female,9200703977,Russia,11/20/2010
988,Theresita,Pettecrew,tpettecrewrf@instagram.com,Genderfluid,7809270778,China,5/6/2014
989,Vivian,Hanway,vhanwayrg@tmall.com,Female,7405734072,Norway,5/7/1994
990,Aundrea,Jaulme,ajaulmerh@google.co.uk,Female,7350307840,Vietnam,11/3/2002
991,Dorie,Garrettson,dgarrettsonri@bandcamp.com,Male,9266805682,Malaysia,9/3/1997
992,Kristoffer,MacGettigen,kmacgettigenrj@miibeian.gov.cn,Male,6424561481,Brazil,1/1/2005
993,Dode,Castrillo,dcastrillork@tinypic.com,Female,6060696479,South Africa,7/20/2006
994,Dixie,Hess,dhessrl@blinklist.com,Female,9679607218,Brazil,10/31/2008
995,Karly,Ryle,krylerm@google.pl,Female,8717977847,Morocco,9/9/2020
996,Inger,Hutchinges,ihutchingesrn@jiathis.com,Male,9085432980,China,4/15/2006
997,Marika,Cramphorn,mcramphornro@state.tx.us,Female,8800301693,Brazil,9/5/2009
998,Elisabetta,Milbourn,emilbournrp@apple.com,Female,8265308857,Philippines,12/28/2008
999,Averil,Sandys,asandysrq@archive.org,Female,8560069029,Philippines,12/20/1993
1000,Odella,Tuerena,otuerenarr@etsy.com,Female,8255767114,Czech Republic,9/5/2010
